method,score_column,objective,threshold,accuracy,precision,recall,f1,macro_precision,macro_recall,macro_f1,recall_123,recall_45,auc_pr,auc_roc,recall_gap,min_recall
mild binary MLP P45,binary_mild_prob45,F1-optimal,0.271,0.6682183278568821,0.6622199592668024,0.9533792699017739,0.7815636079562527,0.6911451909010069,0.5756013640923622,0.5459705727127118,0.19782345828295042,0.9533792699017739,0.8325673025824922,0.7477942877524368,,
mild binary MLP P45,binary_mild_prob45,macro-F1-optimal,0.52,0.6895764877692588,0.7534084173088322,0.745345257293652,0.7493551477632839,0.6703116231030853,0.6714634388040206,0.6708540092166533,0.5975816203143893,0.745345257293652,0.8325673025824922,0.7477942877524368,,
mild binary MLP P45,binary_mild_prob45,balanced recall 123/45,0.5760000000000001,0.6778933917488135,0.7767316745124412,0.6773200410496995,0.7236275354373874,0.66861743470031,0.6780796094003032,0.6688245956745069,0.6788391777509069,0.6773200410496995,0.8325673025824922,0.7477942877524368,0.001519136701207402,0.6773200410496995
mild binary MLP P45,binary_mild_prob45,precision-optimal @ recall>=0.70,0.554,0.679718875502008,0.763946445648709,0.7026828910716904,0.7320351279114166,0.6653991091976992,0.6722604298163772,0.6670269775884632,0.6418379685610641,0.7026828910716904,0.8325673025824922,0.7477942877524368,,
mild binary MLP P45,binary_mild_prob45,recall-optimal @ precision>=0.70,0.386,0.6896677619569186,0.7001287001287001,0.8772907198358012,0.7787610619469026,0.6763408133271147,0.628730003206897,0.6296005798732068,0.38016928657799276,0.8772907198358012,0.8325673025824922,0.7477942877524368,,
5-class expected score 0-1,fiveclass_expected_score_01,F1-optimal,0.497,0.6682183278568821,0.6625178534992858,0.9520598152763524,0.781327076941587,0.6895778175642009,0.5760299076381762,0.5470257997678251,0.2,0.9520598152763524,0.8319526586552979,0.7460013150227611,,
5-class expected score 0-1,fiveclass_expected_score_01,macro-F1-optimal,0.621,0.6846476816356335,0.7686781609195402,0.7059082246004985,0.7359572029040886,0.6705709645177411,0.6777425040777583,0.6722722459518744,0.6495767835550181,0.7059082246004985,0.8319526586552979,0.7460013150227611,,
5-class expected score 0-1,fiveclass_expected_score_01,balanced recall 123/45,0.629,0.6784410368747719,0.7767707284323598,0.6784928896056297,0.7243133265513734,0.6689976091141391,0.6784241957097072,0.6692846606478535,0.6783555018137848,0.6784928896056297,0.8319526586552979,0.7460013150227611,0.0001373877918449118,0.6783555018137848
5-class expected score 0-1,fiveclass_expected_score_01,precision-optimal @ recall>=0.70,0.622,0.6841000365096751,0.7698361708962416,0.7026828910716904,0.734728290028359,0.6705417640950553,0.6780645410618428,0.6721582792499381,0.6534461910519952,0.7026828910716904,0.8319526586552979,0.7460013150227611,,
5-class expected score 0-1,fiveclass_expected_score_01,recall-optimal @ precision>=0.70,0.562,0.6876597298284045,0.7004363722137045,0.8706934467086938,0.7763398692810457,0.6721802369748378,0.6282125032817955,0.6293980048159614,0.3857315598548972,0.8706934467086938,0.8319526586552979,0.7460013150227611,,
5-class P4+P5,fiveclass_p45,F1-optimal,0.374,0.6820007301935013,0.6832912226738438,0.9118897522357425,0.781210751067571,0.6794761563989834,0.6073354444370974,0.5996902118731309,0.30278113663845224,0.9118897522357425,0.8311530819334549,0.7473337461467155,,
5-class P4+P5,fiveclass_p45,macro-F1-optimal,0.5700000000000001,0.687842278203724,0.7700492297919644,0.7108928309632019,0.739289525842354,0.6733912171711486,0.6803557262433906,0.6751940010380748,0.6498186215235792,0.7108928309632019,0.8311530819334549,0.7473337461467155,,
5-class P4+P5,fiveclass_p45,balanced recall 123/45,0.591,0.6827309236947792,0.7801976880549506,0.6827444656208767,0.7282251759186865,0.6731347373501142,0.6827265254343803,0.6735841950630486,0.6827085852478839,0.6827444656208767,0.8311530819334549,0.7473337461467155,3.588037299273594e-05,0.6827085852478839
5-class P4+P5,fiveclass_p45,precision-optimal @ recall>=0.70,0.577,0.6849215041986126,0.7719128329297821,0.7010702243072863,0.7347879532882606,0.6718207306845928,0.6796765873652514,0.6733741924714685,0.6582829504232165,0.7010702243072863,0.8311530819334549,0.7473337461467155,,
5-class P4+P5,fiveclass_p45,recall-optimal @ precision>=0.70,0.421,0.688846294267981,0.7003287928604979,0.8743585984459756,0.7777270652670014,0.6745496423318883,0.62859405133907,0.629623988907265,0.38282950423216444,0.8743585984459756,0.8311530819334549,0.7473337461467155,,
5-class margin P45-P3,fiveclass_margin_p45_minus_p3,F1-optimal,0.0,0.6778933917488135,0.6893259719346676,0.8786101744612227,0.7725427006123107,0.6616391132882887,0.6127029106888943,0.6104389288586018,0.3467956469165659,0.8786101744612227,0.8293756687535543,0.7411281789097508,,
5-class margin P45-P3,fiveclass_margin_p45_minus_p3,macro-F1-optimal,0.26,0.6856516976998904,0.7742407016404093,0.6988711332649171,0.7346278317152104,0.6731174335457725,0.681358178482519,0.6745671059180485,0.6638452237001209,0.6988711332649171,0.8293756687535543,0.7411281789097508,,
5-class margin P45-P3,fiveclass_margin_p45_minus_p3,balanced recall 123/45,0.281,0.6828221978824388,0.780328418230563,0.6827444656208767,0.728282117444679,0.673243599652571,0.6828474444186607,0.6736883567602656,0.682950423216445,0.6827444656208767,0.8293756687535543,0.7411281789097508,0.00020595759556829574,0.6827444656208767
5-class margin P45-P3,fiveclass_margin_p45_minus_p3,precision-optimal @ recall>=0.70,0.258,0.685469149324571,0.7730140753923314,0.7004838000293212,0.7349638517151208,0.6725803361254851,0.6805925650690741,0.6741036991460003,0.660701330108827,0.7004838000293212,0.8293756687535543,0.7411281789097508,,
5-class margin P45-P3,fiveclass_margin_p45_minus_p3,recall-optimal @ precision>=0.70,0.043000000000000003,0.6816356334428624,0.7006139400505598,0.8532473244392318,0.7694341618191433,0.661367747677224,0.6258981483139328,0.6276416092114584,0.3985489721886336,0.8532473244392318,0.8293756687535543,0.7411281789097508,,
rank average: binary + expected + P45,rank_avg_binary_expected_p45,F1-optimal,0.167,0.6809967141292442,0.6792412157792628,0.9239114499340273,0.7829057705447543,0.6849722169480342,0.6021008277481503,0.5908335837069204,0.2802902055622733,0.9239114499340273,0.8366095599173242,0.7527446978505636,,
rank average: binary + expected + P45,rank_avg_binary_expected_p45,macro-F1-optimal,0.379,0.6965133260313984,0.7569832402234636,0.754874651810585,0.7559274755927475,0.6772398146230463,0.677558244889573,0.6773967212684452,0.600241837968561,0.754874651810585,0.8366095599173242,0.7527446978505636,,
rank average: binary + expected + P45,rank_avg_binary_expected_p45,balanced recall 123/45,0.454,0.684465133260314,0.7814591700133868,0.6846503445242633,0.7298585606001406,0.6747657295850067,0.6844049787917568,0.6752968063560221,0.6841596130592503,0.6846503445242633,0.8366095599173242,0.7527446978505636,0.0004907314650129946,0.6841596130592503
rank average: binary + expected + P45,rank_avg_binary_expected_p45,precision-optimal @ recall>=0.70,0.436,0.6863818912011683,0.7745336577453366,0.7000439818208474,0.7354073617742184,0.6737414688225744,0.6819446027604841,0.6752322491147588,0.6638452237001209,0.7000439818208474,0.8366095599173242,0.7527446978505636,,
rank average: binary + expected + P45,rank_avg_binary_expected_p45,recall-optimal @ precision>=0.70,0.225,0.6911281489594743,0.7001747233546884,0.8812490837120657,0.7803453200051927,0.6792733591467663,0.6293790763179433,0.6301050301224858,0.377509068923821,0.8812490837120657,0.8366095599173242,0.7527446978505636,,
OOF logistic stacker,logistic_stacker_prob45,F1-optimal,0.392,0.6833698430083972,0.6829694323144104,0.9171675707374285,0.7829297290532508,0.6841907295202342,0.6074350550180492,0.5990183968146038,0.2977025392986699,0.9171675707374285,0.8374233557753608,0.7526712352687048,,
OOF logistic stacker,logistic_stacker_prob45,macro-F1-optimal,0.55,0.6936838262139466,0.762063227953411,0.7386013780970532,0.7501488981536629,0.6758532480388459,0.6790951267752496,0.6771970905862654,0.6195888754534462,0.7386013780970532,0.8374233557753608,0.7526712352687048,,
OOF logistic stacker,logistic_stacker_prob45,balanced recall 123/45,0.59,0.6796276013143483,0.7780016792611251,0.679225919953086,0.7252661239824671,0.6702445908803125,0.6797580627576796,0.6705358640928097,0.6802902055622733,0.679225919953086,0.8374233557753608,0.7526712352687048,0.0010642856091872543,0.679225919953086
OOF logistic stacker,logistic_stacker_prob45,precision-optimal @ recall>=0.70,0.5750000000000001,0.6855604235122308,0.7725217952857604,0.7015100425157601,0.7353054168267383,0.6724851731573699,0.6803801724066104,0.6740481225979258,0.6592503022974607,0.7015100425157601,0.8374233557753608,0.7526712352687048,,
OOF logistic stacker,logistic_stacker_prob45,recall-optimal @ precision>=0.70,0.429,0.6911281489594743,0.7005484887384759,0.8800762351561354,0.7801169590643274,0.6789294601212279,0.6297600039142225,0.6306288567170764,0.37944377267230955,0.8800762351561354,0.8374233557753608,0.7526712352687048,,
OOF ridge stacker,ridge_stacker_score45,F1-optimal,0.386,0.678714859437751,0.6753426112822692,0.9319747837560475,0.7831711223358384,0.6873148571641418,0.5964589759167178,0.581617262471195,0.26094316807738815,0.9319747837560475,0.8374511989407416,0.7531283377477656,,
OOF ridge stacker,ridge_stacker_score45,macro-F1-optimal,0.5690000000000001,0.6914019715224534,0.7685821361648969,0.721595074036065,0.7443478260869565,0.6757014371509897,0.681595602314284,0.6775727849209964,0.641596130592503,0.721595074036065,0.8374511989407416,0.7531283377477656,,
OOF ridge stacker,ridge_stacker_score45,balanced recall 123/45,0.594,0.6818181818181818,0.779547359597653,0.6817182231344378,0.7273580478648521,0.6722821951264162,0.6818506472383192,0.6726862560165812,0.6819830713422007,0.6817182231344378,0.8374511989407416,0.7531283377477656,0.0002648482077629577,0.6817182231344378
OOF ridge stacker,ridge_stacker_score45,precision-optimal @ recall>=0.70,0.581,0.685469149324571,0.7730140753923314,0.7004838000293212,0.7349638517151208,0.6725803361254851,0.6805925650690741,0.6741036991460003,0.660701330108827,0.7004838000293212,0.8374511989407416,0.7531283377477656,,
OOF ridge stacker,ridge_stacker_score45,recall-optimal @ precision>=0.70,0.445,0.6913106973347937,0.700571561880322,0.8805160533646093,0.7803040145511239,0.6792828434663885,0.6298589940341789,0.6307165976407046,0.37920193470374847,0.8805160533646093,0.8374511989407416,0.7531283377477656,,
