sound_id,true_binary,pred_binary,prob_123,prob_45,original_confidence
256557,1,1,0.39703146,0.6029685,5
68409,1,1,0.40733433,0.5926657,4
194364,1,1,0.15071821,0.84928185,4
87656,0,1,0.397954,0.602046,2
64818,1,1,0.19156712,0.8084328,4
104038,0,0,0.52095234,0.47904763,3
26491,0,1,0.45576093,0.54423904,3
105922,0,0,0.5141042,0.4858958,2
358016,1,1,0.06314032,0.93685967,5
164175,1,0,0.55695504,0.443045,4
343965,0,1,0.46016192,0.5398381,3
131114,0,0,0.57653815,0.42346182,3
416286,0,1,0.18681954,0.8131805,3
377266,1,1,0.30533624,0.69466376,4
41328,1,0,0.66712695,0.33287308,4
65518,1,0,0.57292956,0.4270704,4
8434,1,0,0.7264821,0.27351794,4
395828,1,1,0.19248468,0.8075153,5
39086,1,1,0.33336496,0.6666351,4
253525,1,1,0.22110136,0.7788987,4
102095,1,1,0.3247135,0.6752865,4
2717,0,1,0.38079718,0.6192028,3
382888,1,1,0.016031353,0.9839686,4
152707,0,0,0.5031624,0.49683762,3
137760,0,0,0.59071404,0.40928596,3
203377,1,1,0.11672165,0.88327837,4
412191,1,0,0.637881,0.36211905,4
18710,1,0,0.57569337,0.4243066,4
29503,1,1,0.06886889,0.9311311,4
32169,1,0,0.64840716,0.3515929,4
88915,1,1,0.44695112,0.5530489,5
357992,1,1,0.057581544,0.94241846,4
41666,1,1,0.04793963,0.9520604,4
193347,0,0,0.598998,0.40100202,3
9923,0,1,0.29374433,0.7062557,3
234994,1,1,0.061256673,0.9387433,4
371151,0,1,0.18562116,0.81437886,3
131265,0,1,0.3462117,0.6537883,3
216388,0,1,0.46850294,0.5314971,3
74543,1,0,0.6605516,0.33944836,4
454617,1,1,0.33304498,0.666955,4
36554,1,1,0.339129,0.660871,4
200407,1,1,0.13815525,0.8618447,4
79598,1,1,0.42101637,0.57898366,4
373834,1,1,0.14100185,0.8589981,4
1148,0,1,0.26971787,0.7302821,2
13018,0,0,0.628844,0.371156,3
178605,1,1,0.38003525,0.6199648,4
418758,1,1,0.23509522,0.76490474,4
231495,1,1,0.17358094,0.82641906,4
147958,0,0,0.5994576,0.40054238,3
64965,1,1,0.16113746,0.83886254,4
109622,1,1,0.3807051,0.61929494,4
373898,1,1,0.06433918,0.9356608,4
465780,1,1,0.13187388,0.8681261,4
50812,0,1,0.46648386,0.5335161,3
29419,1,1,0.12854277,0.8714572,4
41068,0,1,0.29352266,0.70647734,2
406694,1,1,0.33936998,0.66063,4
10130,1,0,0.73850083,0.2614992,4
246947,1,1,0.042597596,0.95740247,5
40032,1,0,0.5681497,0.4318503,4
334043,0,0,0.66071343,0.3392866,3
302492,1,1,0.45277897,0.54722106,4
105333,0,0,0.6228082,0.37719175,3
61762,1,1,0.03429406,0.965706,5
156765,0,1,0.18516617,0.8148339,3
125063,1,1,0.25405338,0.7459466,4
115559,0,1,0.4119902,0.58800983,3
379750,1,1,0.3504154,0.6495846,4
418632,0,1,0.25783426,0.7421658,3
61721,1,1,0.060811434,0.9391886,5
18335,0,1,0.33567625,0.66432375,3
248598,0,1,0.047753215,0.95224684,3
386492,1,0,0.5882209,0.4117791,4
145481,1,0,0.51368314,0.48631683,4
155285,0,1,0.3141853,0.6858147,2
142697,1,1,0.011785772,0.98821425,4
41691,1,1,0.48857525,0.5114247,4
184416,1,0,0.60235,0.39765,4
34140,1,1,0.35527083,0.6447292,4
5662,1,1,0.42278185,0.5772181,4
445125,1,1,0.11984945,0.8801506,4
61526,0,1,0.058716152,0.9412839,3
325255,1,1,0.41103503,0.58896494,5
183645,0,0,0.670279,0.32972097,3
178849,1,1,0.14965266,0.8503474,5
156042,0,1,0.32445315,0.6755469,2
267954,1,1,0.27983767,0.72016233,4
157240,1,1,0.4556351,0.5443649,4
96503,0,0,0.6857063,0.31429368,1
58051,1,1,0.036655035,0.963345,5
390459,1,1,0.08223868,0.91776127,4
26630,1,1,0.25122523,0.74877477,5
213945,1,1,0.34459767,0.6554023,4
249715,1,1,0.069259815,0.93074024,4
138125,0,1,0.33903423,0.66096574,2
232723,1,1,0.3243884,0.6756116,4
362916,1,0,0.51672363,0.48327634,4
489483,1,1,0.20972452,0.79027545,4
172322,1,0,0.6931223,0.30687764,4
65726,0,0,0.7406203,0.25937966,3
50161,0,0,0.8479654,0.15203455,3
89115,0,0,0.65466416,0.34533584,2
335951,1,1,0.22466555,0.7753345,4
144342,1,0,0.6698566,0.3301434,4
151994,1,1,0.23338509,0.7666149,4
152606,1,1,0.043537967,0.956462,4
494701,1,1,0.31557497,0.684425,4
39388,1,0,0.58797777,0.41202226,4
26906,1,1,0.3855574,0.6144426,4
432206,1,1,0.31138816,0.6886118,4
57055,0,0,0.54482913,0.4551709,3
419027,0,1,0.2623361,0.73766387,2
16174,1,1,0.34913298,0.650867,4
39081,1,0,0.56825745,0.43174255,4
11665,1,1,0.24060184,0.75939816,5
30880,1,1,0.38925436,0.61074567,4
240079,0,1,0.2935108,0.70648915,3
16663,0,0,0.7315466,0.26845342,3
55996,1,1,0.11293797,0.8870621,5
357446,1,1,0.057258055,0.94274193,4
337768,1,1,0.33880925,0.66119075,4
51703,0,1,0.34135136,0.6586486,3
128010,0,0,0.7736296,0.22637038,3
126167,0,0,0.75853926,0.24146073,3
29889,1,1,0.060371175,0.93962884,4
16431,0,0,0.50736827,0.49263173,3
338170,0,0,0.7338646,0.26613536,2
357745,0,1,0.17133705,0.82866293,3
66155,1,1,0.255771,0.74422896,4
418422,0,0,0.74093354,0.25906643,2
29119,1,1,0.15089133,0.8491087,4
101421,0,1,0.44744635,0.55255365,3
187863,1,1,0.3363787,0.6636213,4
68688,1,0,0.52816856,0.47183144,4
31057,1,0,0.57957953,0.4204205,4
106784,0,1,0.4925183,0.5074817,3
33654,1,1,0.29438558,0.7056144,4
236599,0,1,0.2933607,0.70663935,2
482689,0,1,0.40229738,0.5977026,3
1370,1,0,0.6908402,0.30915982,4
76438,0,0,0.5316987,0.4683013,2
32589,0,0,0.8297214,0.17027858,3
50262,0,0,0.55317116,0.4468289,2
5193,1,1,0.06129026,0.93870974,4
336787,0,1,0.47435382,0.52564615,3
316440,0,1,0.37762955,0.6223705,2
331907,1,1,0.15841404,0.84158593,4
96937,0,0,0.5853749,0.4146251,3
366771,0,0,0.6716339,0.32836613,3
372702,1,1,0.17033224,0.82966775,5
157596,1,1,0.29691613,0.70308393,4
41302,0,0,0.51293653,0.48706344,3
10419,1,1,0.40919593,0.5908041,4
6233,1,1,0.29012766,0.7098723,4
368084,1,1,0.40119305,0.5988069,4
236326,1,1,0.36783937,0.63216066,4
15791,1,1,0.19984117,0.80015886,5
83530,0,0,0.53544796,0.46455202,3
114128,0,0,0.838361,0.16163892,3
157658,0,1,0.14177045,0.8582296,3
153039,1,0,0.60764796,0.392352,4
383975,1,1,0.107712686,0.8922873,4
124276,1,1,0.093407124,0.9065929,5
368276,1,0,0.84019107,0.1598089,4
415016,0,1,0.113300964,0.886699,2
64828,1,1,0.18440971,0.8155903,4
1054,0,1,0.17929168,0.8207084,3
102091,1,1,0.116355196,0.8836448,4
136943,1,1,0.033873126,0.96612686,4
14986,0,0,0.80750006,0.1924999,3
167196,1,0,0.50113314,0.4988669,4
105584,1,1,0.48867887,0.5113211,4
51265,0,0,0.5836187,0.4163813,3
246671,1,1,0.03843434,0.9615656,5
173775,1,1,0.031714443,0.9682855,4
157291,0,0,0.6674903,0.3325097,3
93909,1,1,0.04393789,0.95606214,5
142757,1,1,0.010078487,0.98992157,4
140680,1,1,0.15940477,0.8405953,4
65714,0,0,0.7361707,0.26382932,3
90412,1,0,0.69875747,0.3012425,4
120670,0,0,0.50561166,0.49438834,3
137573,1,1,0.09889155,0.90110844,5
146450,1,1,0.01191427,0.98808575,4
153738,1,1,0.032337617,0.9676624,4
374510,1,1,0.08871951,0.9112805,4
149808,1,1,0.1840275,0.8159725,4
41083,1,1,0.15457776,0.8454222,4
40060,0,1,0.4031994,0.5968006,2
340165,1,1,0.44902432,0.5509757,4
166958,1,1,0.3152078,0.68479216,4
13481,0,1,0.4616767,0.5383233,3
97642,1,1,0.15345342,0.8465466,4
354794,1,1,0.42086017,0.5791398,4
86957,0,0,0.7195315,0.28046852,1
18281,1,1,0.19475414,0.8052458,4
112270,1,0,0.78357375,0.21642624,4
20079,0,1,0.068877295,0.93112266,3
432115,1,1,0.41325396,0.58674604,4
275466,1,0,0.64529103,0.354709,4
138149,0,0,0.5823281,0.41767192,2
148496,1,1,0.012860176,0.9871399,5
93964,1,1,0.19005018,0.8099498,4
108908,0,0,0.50485235,0.4951476,3
268844,1,1,0.4469055,0.55309445,4
140034,0,0,0.8049338,0.19506614,3
50174,0,0,0.7021015,0.2978985,3
85804,1,0,0.56452507,0.4354749,5
29477,1,1,0.074425094,0.92557496,4
67306,0,0,0.617078,0.38292202,3
51374,1,1,0.38279814,0.61720186,4
54771,1,1,0.26756102,0.73243904,4
8797,0,0,0.5669837,0.43301633,3
24818,1,1,0.40481713,0.5951829,4
86430,0,1,0.10693166,0.8930684,3
76568,0,0,0.5487086,0.45129138,3
62378,0,0,0.5716505,0.4283495,3
356460,1,1,0.059698526,0.9403015,4
260919,0,1,0.27345017,0.72654986,3
133105,1,1,0.4911177,0.50888234,5
156885,1,1,0.08809274,0.9119073,4
71300,0,0,0.6045643,0.39543572,1
270440,1,1,0.2870823,0.7129177,4
44276,1,1,0.060274776,0.9397253,4
32867,1,1,0.088988826,0.91101116,4
49520,1,0,0.6721013,0.32789868,4
105685,1,0,0.5924238,0.4075762,4
248648,1,1,0.059984796,0.9400152,4
58673,1,0,0.5507463,0.44925368,4
432102,1,1,0.1678033,0.8321967,4
130042,1,1,0.3517394,0.6482606,4
348309,0,1,0.23961364,0.76038635,3
34369,1,1,0.20493092,0.7950691,4
156098,0,0,0.73837465,0.26162538,2
38104,1,1,0.20835955,0.79164046,4
88837,1,1,0.4744676,0.5255324,4
106450,1,1,0.04253312,0.9574669,4
202898,1,1,0.11756454,0.88243544,4
29437,1,1,0.038618114,0.9613819,4
29192,1,1,0.037012313,0.9629877,4
109616,1,0,0.5469285,0.45307145,4
55969,1,1,0.04394636,0.9560537,4
157919,0,0,0.6250034,0.37499657,3
32870,1,1,0.44948,0.55052,4
359563,1,1,0.1573634,0.8426366,4
45923,1,0,0.58475715,0.41524288,4
153737,1,1,0.023945523,0.97605443,4
262976,1,1,0.16017504,0.839825,4
204636,0,1,0.46264955,0.5373505,3
199227,0,0,0.51394403,0.486056,3
24651,1,1,0.4427142,0.5572858,4
127192,0,0,0.59618133,0.4038186,3
106876,0,0,0.5274112,0.47258878,3
374703,1,0,0.52235067,0.47764933,4
159294,1,0,0.75237525,0.2476247,4
153966,1,1,0.022589715,0.97741026,4
325379,0,1,0.47830316,0.5216968,3
162975,1,1,0.12818272,0.87181723,4
223420,1,1,0.40162337,0.5983767,4
347648,1,1,0.10047304,0.89952695,4
28574,1,1,0.2915431,0.70845693,4
199230,1,1,0.32968813,0.67031187,4
67739,1,1,0.12939017,0.8706099,4
386033,1,1,0.40306225,0.5969378,4
52159,1,1,0.27274418,0.7272558,4
374805,1,1,0.11177793,0.88822204,4
324381,0,0,0.627735,0.372265,3
85949,0,1,0.10061564,0.8993843,3
169093,1,0,0.60219747,0.39780256,4
126542,1,1,0.4179753,0.5820247,4
189848,0,0,0.75243425,0.2475657,2
100457,0,0,0.6951993,0.30480066,3
356000,1,1,0.048895586,0.95110446,4
188973,1,1,0.37320176,0.6267983,4
157018,1,1,0.4753798,0.52462023,4
257349,1,1,0.27911067,0.72088933,4
26937,1,1,0.09001518,0.9099848,5
61728,1,1,0.07477262,0.92522734,4
62457,1,0,0.58644855,0.41355142,4
52270,1,1,0.06351963,0.93648034,4
380400,0,0,0.57154703,0.428453,3
50201,0,0,0.68927115,0.31072882,3
35932,1,1,0.22280343,0.77719665,5
219253,1,1,0.08289854,0.9171015,4
340660,0,1,0.41511512,0.5848848,3
236449,1,1,0.12127429,0.8787257,4
85272,1,1,0.16023351,0.8397665,4
400597,1,1,0.2643765,0.73562354,4
429075,1,1,0.2205935,0.7794065,4
146977,1,1,0.32430086,0.6756992,4
86354,0,1,0.48119482,0.51880515,3
156744,1,1,0.44021693,0.5597831,4
237516,0,0,0.5181524,0.4818476,3
17693,0,0,0.54754204,0.452458,3
393237,1,1,0.098828316,0.9011717,4
58907,1,1,0.22695084,0.7730491,4
12002,1,1,0.06535684,0.93464315,4
160012,1,0,0.5353553,0.46464467,4
378173,0,1,0.19387396,0.80612606,3
29062,1,1,0.15392031,0.8460797,4
236976,0,1,0.34582457,0.65417546,3
26464,1,1,0.07564228,0.9243577,4
137977,0,0,0.76337284,0.23662718,2
439993,1,1,0.2423123,0.7576877,4
114124,0,0,0.75943106,0.2405689,3
10810,0,0,0.754049,0.24595106,2
189518,0,0,0.636815,0.363185,3
255648,1,1,0.41880876,0.5811913,4
71081,0,1,0.49631986,0.5036801,3
265311,0,1,0.2340339,0.7659661,3
167455,1,0,0.5415892,0.45841083,4
188886,1,1,0.2858827,0.7141173,4
107157,1,1,0.057286095,0.9427139,4
75707,1,1,0.4904372,0.5095628,4
42904,1,1,0.07088368,0.92911625,4
48353,1,1,0.45540375,0.54459625,4
28859,1,1,0.12193957,0.8780604,4
373614,1,1,0.06121077,0.9387892,4
33983,1,1,0.25148425,0.7485157,4
359519,0,1,0.21455766,0.7854423,3
208848,0,1,0.45699596,0.543004,2
165356,0,0,0.70060307,0.29939693,3
57515,0,0,0.53076935,0.46923068,2
359449,1,1,0.044732925,0.9552671,4
37209,1,1,0.15858679,0.8414132,4
150368,0,1,0.34938788,0.6506121,2
156754,1,1,0.4794489,0.5205511,4
76442,0,1,0.4944327,0.5055673,2
61714,1,1,0.047482457,0.95251757,5
108509,1,1,0.20380141,0.79619855,4
40109,0,0,0.50004184,0.49995816,2
339369,0,1,0.44532543,0.5546746,3
137946,0,1,0.22691737,0.7730826,3
5997,1,1,0.3869491,0.61305094,4
349263,1,0,0.5416489,0.4583511,4
40861,0,1,0.16667634,0.8333236,3
241500,1,1,0.15274921,0.84725076,4
188477,0,0,0.67780083,0.3221992,3
263078,0,0,0.78443867,0.21556133,3
10956,0,0,0.7067624,0.29323763,2
109618,1,0,0.53059614,0.46940383,4
115331,0,0,0.6320602,0.36793977,3
348887,0,0,0.65280974,0.3471902,3
24589,0,0,0.6359412,0.3640588,3
10097,0,0,0.7105364,0.28946355,1
218988,1,0,0.78345895,0.216541,4
130570,1,1,0.033897802,0.9661022,4
54949,0,1,0.35149425,0.6485058,3
33564,1,1,0.190511,0.80948895,4
353187,1,1,0.10440604,0.895594,4
382591,0,1,0.35245976,0.6475403,3
156603,0,0,0.53071827,0.4692817,3
146620,1,1,0.04088521,0.9591148,5
161252,0,0,0.54206717,0.45793283,2
188717,1,1,0.26948988,0.73051006,4
29722,1,1,0.31386584,0.6861342,4
44627,1,1,0.15378197,0.84621805,4
125177,0,1,0.41613236,0.5838676,3
138453,0,1,0.22895977,0.77104026,3
387785,1,1,0.07353256,0.9264675,5
42360,0,0,0.5679755,0.43202445,3
40447,1,1,0.2601158,0.7398842,4
435557,1,1,0.15552332,0.84447676,4
249490,0,0,0.64853466,0.35146537,3
26665,1,1,0.20158912,0.7984109,5
322603,1,1,0.061992705,0.93800735,4
90436,0,0,0.6407346,0.35926536,2
423744,1,1,0.06709734,0.93290263,4
249546,0,0,0.54667646,0.4533235,3
5677,0,0,0.5398416,0.46015838,3
10881,0,0,0.73141485,0.26858512,3
246699,1,1,0.042501133,0.95749885,4
84387,1,0,0.5300217,0.46997824,4
366335,1,1,0.17131884,0.8286811,4
48154,1,0,0.63276964,0.36723042,4
374710,1,1,0.1282514,0.87174857,5
155223,1,1,0.17547323,0.8245268,4
374706,1,0,0.6251183,0.37488168,4
97287,1,1,0.08341486,0.9165851,4
167269,1,1,0.1917325,0.8082675,4
29187,1,1,0.04028151,0.9597185,4
101233,0,1,0.31381255,0.68618745,2
354741,0,1,0.4298318,0.5701682,3
254391,1,1,0.13265945,0.8673405,4
165170,1,0,0.7041778,0.2958222,4
8008,0,1,0.31724674,0.6827532,3
24601,0,0,0.6351877,0.3648123,3
35554,1,0,0.68918824,0.3108117,4
394071,1,1,0.13713938,0.86286056,4
173754,1,1,0.029824397,0.9701756,5
261588,0,1,0.33200422,0.66799575,2
181522,1,1,0.19774048,0.8022595,4
218055,1,1,0.29666772,0.7033323,4
397375,0,0,0.75582075,0.24417928,3
150161,0,1,0.49665472,0.50334525,3
424847,1,1,0.38885754,0.61114246,4
40998,0,0,0.8128865,0.18711355,3
16625,1,0,0.76472104,0.23527901,4
76491,0,0,0.8318217,0.16817835,3
216369,0,1,0.40542722,0.59457284,3
219303,1,0,0.5955086,0.4044914,4
150380,1,1,0.4819395,0.5180605,4
57735,0,0,0.73042136,0.26957867,3
372408,1,1,0.24186282,0.75813717,4
31934,1,1,0.09204522,0.9079548,4
64664,1,1,0.15169325,0.8483067,4
37940,0,0,0.5372386,0.46276137,3
169800,0,1,0.06832093,0.93167907,3
18057,0,0,0.5881605,0.4118395,1
210734,1,0,0.5742207,0.42577925,5
275522,1,1,0.30630538,0.69369465,4
398032,1,1,0.19070306,0.80929697,4
36777,1,1,0.14913936,0.85086066,5
345579,1,1,0.26136333,0.7386367,4
101811,1,0,0.56943756,0.4305624,4
19528,0,0,0.88346577,0.1165343,1
69813,1,1,0.06048949,0.93951046,4
420763,0,0,0.6540829,0.34591714,3
44702,1,1,0.11927514,0.88072485,4
89675,1,0,0.67538726,0.32461277,4
40028,1,0,0.6451411,0.35485888,4
10885,1,0,0.67224073,0.32775924,4
257052,0,0,0.5081318,0.4918682,3
10899,1,0,0.7533222,0.2466778,4
353317,0,1,0.33204705,0.667953,3
60638,1,1,0.42466167,0.57533836,4
38633,1,0,0.5523054,0.44769454,5
329963,0,1,0.21250622,0.78749377,3
147096,1,0,0.7241204,0.2758796,4
1389,1,1,0.29277268,0.7072273,4
198248,1,1,0.21012312,0.7898769,4
15902,1,1,0.10987046,0.8901295,4
355216,1,1,0.09908575,0.90091425,4
29476,1,1,0.06180908,0.93819094,4
3467,0,0,0.8658234,0.13417657,3
40531,0,0,0.502323,0.497677,2
148230,1,1,0.39196026,0.60803974,4
79051,1,1,0.3927725,0.6072275,4
28977,1,1,0.09597716,0.9040229,4
22181,1,1,0.24949387,0.7505061,4
108313,1,1,0.08349345,0.9165066,4
343947,1,1,0.08662937,0.91337067,4
263534,1,0,0.6693039,0.33069608,4
156730,0,0,0.55844086,0.4415592,2
239756,1,1,0.15628453,0.8437154,4
246840,1,1,0.032462478,0.96753746,4
149988,0,0,0.61451674,0.38548324,3
221639,1,1,0.42380965,0.57619035,4
92923,1,1,0.10033677,0.89966327,4
270367,1,1,0.056191035,0.943809,4
61562,1,1,0.05585691,0.94414306,4
5870,0,0,0.6366355,0.36336455,3
268143,1,1,0.091319986,0.90868,4
191733,0,0,0.6590788,0.34092122,3
127446,0,1,0.42431736,0.57568264,3
424071,0,1,0.31043822,0.6895618,3
147138,0,0,0.6708892,0.32911083,3
120384,0,1,0.4953748,0.5046252,3
165785,0,1,0.31664044,0.68335956,3
142578,1,1,0.039780717,0.96021926,4
61756,1,1,0.072391845,0.92760813,4
5509,0,1,0.30738023,0.6926198,3
15928,1,0,0.5585762,0.44142383,4
56938,1,0,0.60582453,0.39417547,4
50785,1,1,0.19133614,0.80866385,4
402022,1,1,0.15705062,0.84294933,4
216915,1,0,0.61153674,0.38846326,4
81574,1,1,0.16417651,0.8358235,4
87682,0,1,0.38587022,0.6141298,3
373692,0,0,0.8174754,0.18252458,3
193830,0,0,0.7546561,0.24534392,2
433887,0,1,0.299694,0.700306,3
223051,1,1,0.328957,0.67104304,4
40405,1,1,0.20639418,0.7936058,4
253237,0,1,0.4356047,0.5643953,3
75625,0,0,0.70899385,0.29100615,3
188065,1,1,0.32432145,0.6756785,4
241477,1,1,0.34347996,0.65652,4
338088,1,1,0.15058036,0.84941965,4
152977,1,1,0.49819466,0.5018053,4
162395,0,1,0.48610157,0.51389843,2
91407,0,0,0.66327137,0.33672866,2
137908,1,1,0.23603682,0.76396316,4
78729,0,0,0.87354136,0.12645862,2
60593,0,1,0.39551032,0.60448974,3
34511,0,0,0.70037323,0.2996268,3
114081,0,0,0.67146313,0.3285369,3
259611,1,1,0.07504205,0.92495793,4
159585,0,1,0.25679243,0.7432075,3
137648,1,1,0.055002067,0.94499797,4
398705,1,1,0.14250362,0.85749644,4
10482,0,0,0.55682874,0.44317132,3
13464,0,0,0.70911324,0.29088676,2
16121,1,1,0.12051145,0.8794885,4
15254,0,0,0.78082,0.21917997,3
91227,1,1,0.42151222,0.57848775,4
204640,0,1,0.4973973,0.5026027,3
382348,0,1,0.29861096,0.701389,2
269906,1,1,0.35541198,0.64458805,5
100842,0,1,0.44606093,0.55393904,3
118384,0,0,0.77218944,0.22781055,2
54094,1,0,0.6243565,0.37564346,4
29361,1,1,0.07201728,0.9279827,4
73453,1,1,0.4522851,0.5477149,4
141816,0,0,0.5482174,0.45178258,3
86472,1,1,0.17301036,0.8269896,4
209989,0,1,0.47106642,0.5289336,3
45063,1,1,0.052022394,0.94797754,5
428784,1,1,0.10970163,0.8902984,4
104003,1,0,0.5761555,0.42384452,4
158604,1,0,0.5741777,0.42582232,4
439994,0,1,0.25568315,0.7443169,3
267984,0,0,0.8445741,0.1554259,3
334585,0,0,0.5321034,0.4678966,3
86662,0,1,0.45248598,0.547514,3
163450,1,1,0.039779432,0.9602206,4
89660,0,0,0.7348212,0.2651788,2
258055,0,1,0.3934377,0.6065623,3
354190,1,1,0.06495684,0.93504316,5
47048,0,1,0.23728359,0.7627164,3
15568,1,0,0.53422564,0.4657743,4
202583,0,0,0.557495,0.44250497,3
95774,1,1,0.074433036,0.925567,4
325701,0,0,0.70248264,0.29751733,3
58998,0,0,0.5316908,0.46830922,2
386541,0,1,0.23695333,0.7630467,3
359816,1,1,0.031206638,0.96879333,5
415004,1,1,0.16299029,0.8370097,4
29186,1,1,0.09153314,0.9084669,4
4268,1,1,0.38354337,0.6164566,4
3860,0,1,0.41822577,0.58177423,3
85335,0,1,0.13706349,0.86293656,3
54194,1,1,0.45750934,0.54249066,4
90280,0,0,0.66736585,0.33263412,3
347562,1,1,0.14737065,0.8526294,4
72984,0,1,0.250092,0.749908,3
41762,0,0,0.54428977,0.4557102,3
161948,1,1,0.3056318,0.6943682,4
236402,1,1,0.032388803,0.96761113,5
239877,0,1,0.2289245,0.77107555,3
116358,0,1,0.2844841,0.7155159,3
343984,1,1,0.20559925,0.79440075,4
137122,0,1,0.3390549,0.6609451,2
397673,1,1,0.12612,0.87387997,4
371554,1,1,0.11383305,0.886167,4
211823,0,0,0.54625773,0.4537423,3
50286,0,0,0.8190395,0.18096043,3
190697,1,0,0.77307874,0.22692125,4
145749,1,1,0.07722059,0.9227794,4
18047,1,1,0.16820121,0.83179885,4
171184,1,0,0.7769346,0.22306538,4
17133,1,0,0.80432147,0.19567849,4
153857,1,1,0.095147766,0.9048522,4
30026,1,1,0.1919012,0.80809873,5
147921,1,1,0.43689117,0.5631088,4
151800,1,0,0.57691944,0.42308062,4
417452,1,1,0.036085915,0.9639141,4
381487,0,1,0.3314465,0.6685535,3
71600,1,0,0.54190224,0.45809773,4
28253,1,0,0.7376587,0.2623413,4
156850,0,0,0.6592263,0.3407737,3
146946,0,1,0.20708038,0.7929197,3
64781,1,1,0.26189893,0.738101,4
14945,0,0,0.7935233,0.2064767,3
233715,1,1,0.25510603,0.74489397,4
166238,1,0,0.51853794,0.4814621,4
249118,1,1,0.01678494,0.98321503,4
29893,1,1,0.04283989,0.9571602,4
28758,0,1,0.4267886,0.57321143,3
373602,1,1,0.06271751,0.9372825,4
359274,1,1,0.035312712,0.9646873,4
389640,1,1,0.15834352,0.84165645,4
92345,1,1,0.47835064,0.52164936,4
50569,0,0,0.5668796,0.4331204,3
270470,1,1,0.3582234,0.6417766,4
276056,0,0,0.62196964,0.3780303,3
11666,1,1,0.26884177,0.73115826,4
118116,0,1,0.33811668,0.66188335,3
105386,1,1,0.44944564,0.55055434,4
75525,1,0,0.7319412,0.26805878,4
476803,1,1,0.23656398,0.763436,4
20620,0,0,0.52476835,0.47523165,3
67041,1,1,0.22402532,0.77597475,4
65727,0,0,0.8156639,0.18433611,3
116228,0,0,0.6217725,0.37822747,3
213691,1,0,0.586034,0.41396603,4
105945,0,0,0.5557418,0.44425824,3
156700,1,1,0.24800727,0.7519927,4
1202,0,0,0.77399534,0.22600468,3
246871,1,1,0.029483793,0.97051615,4
91449,0,0,0.668325,0.33167502,3
428321,1,1,0.06520598,0.934794,4
153853,1,1,0.12914635,0.8708537,4
213911,0,0,0.54772395,0.45227608,3
164179,1,0,0.66917104,0.33082902,4
390297,0,0,0.81527996,0.18472004,3
248436,1,1,0.048487928,0.95151204,4
331143,1,1,0.01810596,0.9818941,4
130703,0,1,0.36470225,0.6352977,3
24769,0,0,0.65713096,0.34286907,3
165034,0,1,0.32411468,0.6758853,3
8685,0,0,0.50691664,0.49308336,2
40116,0,0,0.7037758,0.29622415,2
28613,1,1,0.2548232,0.7451768,4
118388,0,0,0.7953947,0.20460531,3
154730,1,0,0.57763284,0.42236716,4
187595,1,1,0.24128507,0.7587149,4
110651,0,1,0.02169985,0.97830015,3
116955,0,1,0.45494065,0.5450594,3
231991,1,1,0.28254405,0.717456,4
16098,0,0,0.65160614,0.3483939,3
38610,0,0,0.62067294,0.3793271,3
104597,1,0,0.7439071,0.25609294,4
92925,0,1,0.24157767,0.7584224,3
70098,0,1,0.49701232,0.5029877,3
123293,1,1,0.05209071,0.94790936,4
265290,0,1,0.19735317,0.8026468,3
354421,1,1,0.059640896,0.9403591,4
407932,1,1,0.3789072,0.62109274,4
155243,0,0,0.7145145,0.28548554,3
114126,0,0,0.7962852,0.20371482,3
148757,1,1,0.079853244,0.92014676,4
373868,1,1,0.06646845,0.9335315,4
53277,1,1,0.23329732,0.7667027,4
337102,0,0,0.7514271,0.24857289,1
96104,0,1,0.34281418,0.65718585,3
51423,1,0,0.6846102,0.31538978,4
88579,0,0,0.530086,0.46991402,2
232611,0,1,0.45615074,0.54384923,3
199757,1,1,0.3728703,0.62712973,4
168747,1,1,0.44530013,0.5546999,4
180305,1,1,0.26362982,0.73637015,4
73753,0,0,0.753492,0.24650808,2
69132,1,1,0.38017392,0.6198261,4
421667,1,1,0.34672928,0.6532708,4
355248,1,1,0.08348166,0.91651833,4
125271,0,0,0.6469224,0.35307762,3
65340,0,0,0.7903913,0.20960873,2
87633,1,1,0.08199982,0.9180001,4
115236,1,0,0.71601164,0.28398836,4
145535,0,1,0.49949574,0.50050426,3
38538,0,1,0.47814497,0.52185506,3
153620,1,1,0.028775832,0.9712242,4
158594,0,0,0.55228496,0.447715,3
416545,0,1,0.36944893,0.63055104,3
50124,0,1,0.31985027,0.6801497,3
361443,1,1,0.35376683,0.64623314,4
355211,1,1,0.07739567,0.9226043,4
11191,1,0,0.5719938,0.42800617,4
109534,1,1,0.49906784,0.50093216,4
424109,0,0,0.5282811,0.47171897,3
373720,0,0,0.67148286,0.3285171,3
99555,1,1,0.17388098,0.82611907,4
365704,0,1,0.3906975,0.6093025,3
109543,0,0,0.546747,0.45325297,3
50270,0,0,0.85837054,0.14162941,3
89921,1,1,0.4374793,0.5625207,4
418622,1,1,0.22028126,0.77971876,4
102045,0,1,0.20418298,0.795817,3
148422,0,0,0.61393356,0.38606647,3
255856,0,0,0.5857717,0.41422826,2
341736,0,1,0.45388034,0.5461197,3
51397,0,1,0.4955936,0.5044064,3
114157,1,0,0.8187797,0.18122026,4
246103,0,1,0.33027282,0.66972715,3
216814,1,1,0.16758673,0.83241326,4
117978,1,1,0.07354755,0.92645246,4
151723,0,0,0.7073175,0.29268253,2
359146,1,1,0.30919296,0.69080704,4
426205,0,1,0.4552585,0.54474145,2
124697,0,0,0.50501835,0.49498165,3
20929,1,1,0.38421673,0.6157833,4
5151,1,1,0.12903248,0.87096757,4
29705,0,0,0.51515377,0.4848463,3
171973,0,0,0.64956063,0.35043937,3
199867,1,1,0.07850843,0.9214916,4
72843,1,1,0.30020028,0.69979966,4
32446,0,0,0.64558583,0.3544142,2
222356,1,1,0.4452969,0.5547031,4
336891,0,0,0.62148076,0.3785193,2
60780,1,1,0.23669769,0.76330227,4
6546,1,0,0.6527092,0.34729084,4
48224,1,1,0.19158448,0.80841553,4
130099,1,0,0.77999717,0.22000287,4
137418,1,1,0.03875099,0.96124905,4
48577,0,0,0.56599367,0.4340063,2
65433,0,0,0.51219344,0.4878066,3
102380,1,1,0.29273584,0.7072641,5
236492,1,1,0.10886907,0.891131,4
20642,1,0,0.6894448,0.3105552,4
20536,1,1,0.07127174,0.9287283,4
89443,0,0,0.7030355,0.29696456,3
86941,0,0,0.6479394,0.35206062,3
84063,1,1,0.04027491,0.95972514,5
395296,0,0,0.56081074,0.43918929,3
165285,1,1,0.05784286,0.9421571,4
373691,1,0,0.75535333,0.24464664,4
154735,0,0,0.5940722,0.40592778,3
400734,1,1,0.094264865,0.90573514,4
91416,0,0,0.74136883,0.25863123,2
47029,0,0,0.6662042,0.33379573,2
2689,1,1,0.10037728,0.89962274,4
26540,1,1,0.072766036,0.927234,4
150946,1,0,0.54391986,0.45608014,4
3466,1,0,0.7897823,0.2102177,4
191912,1,0,0.5438918,0.4561082,4
323079,0,1,0.19002162,0.80997837,3
166436,1,1,0.24298039,0.7570196,4
139824,0,1,0.21885653,0.7811435,3
144191,1,1,0.19080624,0.8091938,4
416537,0,1,0.24956606,0.7504339,3
155637,1,0,0.79841644,0.20158356,4
144076,0,0,0.7389268,0.2610731,3
366455,1,1,0.0911434,0.9088566,4
99228,0,1,0.42868385,0.5713162,3
3287,0,0,0.64548296,0.35451704,3
147948,1,0,0.60824215,0.39175782,4
386774,1,1,0.268831,0.731169,4
355305,1,1,0.048639774,0.95136017,4
189407,1,1,0.14907046,0.85092956,5
148408,1,1,0.012303388,0.9876966,5
419112,1,1,0.40854838,0.59145164,4
168075,0,1,0.2882638,0.71173626,3
78491,1,1,0.33188444,0.66811556,4
97033,0,1,0.34232506,0.6576749,3
165614,0,0,0.56828433,0.43171564,3
62628,0,0,0.70020914,0.2997908,3
173756,1,1,0.018799044,0.981201,5
161678,1,1,0.34002435,0.6599756,4
78791,0,0,0.6987878,0.3012122,3
222213,1,0,0.538724,0.461276,4
7883,1,0,0.58828807,0.41171196,4
381152,0,0,0.6794543,0.32054567,3
26561,1,1,0.12422762,0.8757723,5
69817,1,1,0.11074124,0.88925874,4
152919,0,1,0.49158353,0.50841653,3
148598,1,1,0.02633952,0.97366047,4
40499,1,1,0.4178287,0.58217126,4
130416,1,1,0.179651,0.820349,4
64249,0,0,0.6514726,0.34852737,2
328052,1,1,0.30284846,0.6971515,4
523,0,1,0.1693948,0.83060527,3
188038,0,0,0.6388322,0.3611678,3
37224,1,1,0.38308594,0.6169141,4
251145,0,1,0.028354364,0.9716456,3
337090,1,1,0.14626564,0.8537344,4
58272,1,1,0.10408333,0.8959167,4
126762,1,0,0.5630508,0.43694916,4
222222,1,1,0.41003823,0.5899617,4
156789,0,0,0.5374589,0.46254113,3
118946,1,1,0.39545882,0.60454124,4
239659,1,1,0.18512942,0.8148706,4
5185,0,1,0.18010089,0.8198991,3
5163,1,1,0.10674579,0.8932543,5
5520,0,0,0.50722843,0.4927716,3
46593,0,0,0.62362987,0.37637013,3
247931,1,1,0.033651564,0.96634847,4
269003,1,1,0.25337726,0.74662274,4
233974,0,1,0.40310636,0.5968936,3
17898,1,0,0.63133645,0.36866355,4
166101,1,1,0.39310664,0.6068933,4
347314,1,1,0.22315392,0.7768461,4
9542,0,1,0.4841906,0.51580936,3
87289,1,0,0.5975352,0.40246484,4
82177,1,1,0.32857895,0.671421,4
359737,1,1,0.026157161,0.9738428,4
91404,0,0,0.588072,0.41192803,3
45477,1,1,0.3350945,0.6649054,4
401817,1,1,0.02585796,0.9741421,4
156709,0,1,0.35065216,0.64934784,2
4528,0,0,0.84541386,0.15458615,3
316902,1,1,0.20612995,0.79387003,5
107135,1,1,0.29408154,0.70591843,4
81996,1,1,0.3498925,0.65010756,4
154020,1,1,0.014677889,0.9853221,4
33003,1,0,0.50649923,0.49350074,4
383695,1,1,0.06410678,0.9358933,4
146257,1,1,0.27896306,0.7210369,4
164592,1,1,0.20083566,0.7991643,4
9190,0,1,0.3081304,0.6918696,3
35624,0,0,0.5456771,0.4543229,3
65672,1,0,0.73788697,0.26211303,4
388594,0,1,0.39468083,0.60531914,3
347816,1,1,0.09391303,0.9060869,4
24646,0,0,0.589965,0.410035,3
256884,1,1,0.29910004,0.7009,4
154097,1,1,0.1478075,0.8521925,5
93880,1,1,0.1647753,0.83522475,4
237210,1,1,0.25468332,0.7453167,4
167525,0,1,0.36597177,0.6340282,3
175415,0,0,0.70354134,0.29645872,3
366676,0,1,0.33796456,0.66203547,2
351173,1,1,0.26536304,0.73463696,4
119310,1,1,0.104661025,0.89533895,5
173725,1,1,0.09542618,0.90457386,4
467327,1,1,0.25204882,0.74795115,4
69626,0,1,0.4987701,0.50122994,3
29275,1,1,0.10376995,0.89623,4
74810,0,0,0.62870264,0.3712974,3
270729,1,1,0.13980252,0.8601975,4
371570,1,1,0.06265258,0.9373474,4
55276,0,1,0.13097277,0.86902726,3
45437,0,1,0.472075,0.527925,3
176282,1,0,0.6121208,0.38787916,4
386607,1,1,0.14711519,0.85288477,4
267569,0,0,0.62429553,0.3757044,2
277595,0,1,0.2092733,0.7907267,3
269547,1,1,0.18338199,0.816618,4
377982,1,1,0.057663247,0.94233674,4
76560,0,0,0.60912675,0.39087325,3
148536,1,1,0.035151508,0.9648485,4
81936,1,1,0.038679205,0.96132076,4
182800,0,1,0.45401415,0.5459858,3
359328,1,1,0.040610656,0.9593894,4
382831,0,1,0.020857945,0.97914207,3
91112,0,0,0.730972,0.26902798,2
170549,1,1,0.07326603,0.926734,5
61849,1,1,0.076511554,0.92348844,4
23998,1,1,0.18442932,0.8155707,5
374200,1,1,0.10807983,0.89192015,4
107823,0,1,0.36274973,0.63725024,3
39444,0,1,0.3034483,0.69655174,3
168123,1,0,0.5653776,0.43462238,4
434183,0,0,0.5461816,0.45381835,3
87773,0,0,0.60383266,0.39616734,2
62311,1,0,0.5723924,0.42760754,4
78854,1,0,0.5975132,0.4024868,4
120757,0,1,0.35454795,0.645452,3
102308,0,1,0.4911676,0.5088324,3
24834,0,1,0.47426102,0.52573895,3
174439,0,1,0.49572483,0.5042752,3
86420,1,1,0.2070927,0.7929073,4
4544,0,0,0.8217268,0.17827314,3
117415,0,1,0.3022092,0.6977908,3
156809,1,1,0.35985538,0.64014465,4
24126,1,1,0.18798968,0.8120103,4
117940,1,0,0.5756834,0.42431653,4
131350,0,1,0.38493145,0.61506855,3
320456,1,1,0.23611474,0.76388526,4
137934,1,1,0.29937097,0.700629,4
41365,1,1,0.15903962,0.8409603,4
420324,1,1,0.21033114,0.78966886,4
379468,0,1,0.089217074,0.91078293,3
55511,0,1,0.13571042,0.8642896,3
329649,0,1,0.3914886,0.6085114,3
20696,0,1,0.498636,0.501364,3
152448,0,1,0.46584105,0.53415895,3
31569,0,1,0.30946037,0.6905396,3
428299,1,1,0.35652706,0.64347297,5
38943,1,1,0.1947705,0.8052295,4
58069,1,1,0.06273266,0.9372673,4
113169,1,1,0.48190367,0.51809627,4
373335,1,1,0.11098239,0.8890176,5
400586,1,1,0.22706033,0.7729396,4
202243,1,1,0.23355769,0.7664423,4
465902,1,1,0.045335777,0.95466423,5
50788,1,1,0.23660673,0.7633933,4
136047,1,1,0.10087031,0.8991296,5
213032,1,1,0.4029399,0.59706014,4
199254,0,1,0.4217635,0.5782365,3
55093,1,1,0.4504025,0.5495975,4
199255,1,1,0.22676687,0.7732331,4
326109,1,1,0.31246847,0.68753153,4
80613,1,1,0.11301799,0.8869821,5
252424,1,1,0.13509797,0.8649021,4
245068,0,0,0.61161476,0.38838527,3
118741,1,1,0.38163525,0.61836475,4
247907,1,1,0.047274098,0.95272595,4
173605,1,1,0.06053829,0.93946177,4
146623,1,1,0.016074698,0.98392534,5
154410,1,1,0.10361697,0.89638305,4
331230,1,0,0.6044828,0.3955172,4
87683,0,1,0.44395587,0.55604416,3
8190,1,1,0.48164666,0.51835334,4
106460,1,1,0.044813357,0.95518667,4
22758,0,1,0.49081075,0.5091892,3
382855,1,1,0.01729823,0.98270184,4
76220,0,0,0.81793326,0.18206674,3
223672,1,0,0.57055396,0.42944604,4
490230,1,1,0.28729856,0.71270144,4
82700,1,0,0.70955884,0.29044116,4
16799,1,1,0.38932472,0.6106753,4
424110,0,1,0.3466316,0.6533684,3
142762,1,1,0.009648072,0.990352,4
252351,1,1,0.17902313,0.8209769,4
241574,1,1,0.1782739,0.8217261,4
146693,0,0,0.6223859,0.37761405,3
137897,0,1,0.2597822,0.74021775,3
78624,0,0,0.8461548,0.1538452,3
128840,1,1,0.118902214,0.8810978,4
395124,1,0,0.64757025,0.3524298,4
49084,1,1,0.23851734,0.76148266,4
59447,0,1,0.45832366,0.54167634,3
79148,1,1,0.24537992,0.7546201,4
16102,0,1,0.45903364,0.54096633,3
223495,0,1,0.3748408,0.6251592,3
18451,0,0,0.88591594,0.11408408,1
10549,0,0,0.5762715,0.42372853,3
168515,1,1,0.07829273,0.9217073,4
357464,1,1,0.038500898,0.96149915,5
91426,0,0,0.7829528,0.21704721,2
182935,1,1,0.074237466,0.9257625,5
187791,0,0,0.5344756,0.46552435,3
40320,1,1,0.12352864,0.87647134,4
21245,0,0,0.59051156,0.40948844,3
266431,0,0,0.8453952,0.15460481,1
45993,0,1,0.4829327,0.5170673,3
89561,1,1,0.4138363,0.58616364,4
28862,1,1,0.09333427,0.9066657,4
19067,0,1,0.17331651,0.8266835,3
116893,0,1,0.3221622,0.6778377,3
48085,0,1,0.49136558,0.50863445,3
163007,1,1,0.1308762,0.86912376,4
14387,1,0,0.60567296,0.394327,4
73099,1,1,0.4734491,0.5265509,4
236579,1,1,0.1077304,0.89226955,4
50172,1,0,0.5644822,0.4355178,4
236598,1,1,0.11244215,0.8875578,5
373558,1,1,0.15214115,0.84785885,4
33439,0,0,0.6435348,0.3564652,3
61516,1,0,0.58030164,0.41969842,4
144510,0,0,0.7192147,0.28078526,3
273710,1,1,0.3214069,0.67859304,4
124921,1,0,0.50812924,0.49187073,4
13235,1,1,0.37220103,0.627799,4
142870,1,1,0.013972808,0.98602724,4
104212,1,1,0.06466773,0.9353323,4
356970,0,1,0.29928872,0.7007113,3
158592,0,0,0.6618987,0.33810133,3
8729,0,0,0.5942045,0.4057955,3
58578,0,1,0.32276452,0.6772355,3
78642,0,0,0.7990082,0.2009918,3
373717,0,0,0.69846684,0.3015331,3
4288,1,1,0.1970973,0.80290264,4
184469,1,1,0.21226348,0.78773654,4
83438,1,0,0.51995736,0.48004264,4
344051,0,1,0.28643414,0.7135659,3
165997,1,1,0.267402,0.73259807,4
4781,0,0,0.74086416,0.25913584,3
128841,1,1,0.18547077,0.8145292,4
189488,1,1,0.1382351,0.86176485,4
215682,1,1,0.03670727,0.96329266,4
90422,0,0,0.62855214,0.37144786,3
69,1,1,0.33177617,0.66822386,4
14029,1,1,0.37042144,0.6295786,4
26546,1,1,0.11693651,0.8830635,4
17561,0,0,0.64083666,0.3591634,3
379099,1,1,0.48923904,0.51076096,4
42247,1,1,0.04101363,0.9589864,5
196071,1,1,0.20016181,0.7998382,4
51258,1,1,0.16132724,0.83867276,4
21385,0,1,0.36383262,0.63616735,1
124829,0,0,0.60840255,0.39159745,3
30877,0,0,0.6729691,0.3270309,3
324485,0,1,0.3179462,0.68205374,3
343939,1,1,0.14657925,0.85342073,4
138937,1,1,0.18405601,0.81594396,4
63806,0,1,0.4727614,0.5272386,3
29654,0,1,0.38168794,0.6183121,3
19821,1,1,0.07877159,0.9212284,4
388056,1,1,0.25223544,0.7477645,4
138700,1,1,0.06343877,0.93656117,4
211528,1,1,0.3077857,0.6922143,4
60164,1,0,0.7768064,0.2231936,4
411179,1,1,0.055571094,0.94442886,4
65435,1,1,0.4022399,0.59776014,4
62001,0,0,0.5139387,0.48606128,3
191913,1,1,0.42487383,0.5751262,4
182874,0,0,0.59908783,0.40091217,3
419855,1,1,0.07840094,0.9215991,4
136957,1,1,0.058153924,0.94184613,5
368174,0,1,0.05035513,0.94964486,3
374836,1,1,0.123249315,0.87675065,4
236613,0,1,0.2850609,0.7149391,2
142880,1,1,0.0066100806,0.99338996,5
259681,1,1,0.21080855,0.7891915,4
149928,0,0,0.7425614,0.2574386,2
357333,1,1,0.049166642,0.9508333,4
151981,1,1,0.315715,0.68428504,4
19217,1,1,0.46620646,0.5337935,4
434603,1,0,0.50432384,0.49567616,4
93396,1,1,0.0714826,0.9285174,4
328287,1,1,0.4401129,0.5598871,4
255812,1,1,0.4453299,0.5546701,5
200210,1,1,0.035872266,0.9641277,4
154076,1,1,0.23918383,0.76081616,4
134780,0,0,0.5884127,0.4115873,3
27367,1,1,0.49247912,0.5075209,5
29214,1,1,0.064525634,0.93547434,4
40903,1,1,0.1557396,0.84426033,4
372683,1,1,0.1976712,0.8023288,5
26600,0,1,0.37313265,0.62686735,3
379260,1,1,0.04690649,0.9530935,4
80526,0,1,0.43913046,0.5608695,2
348886,0,0,0.6070249,0.39297506,3
116229,0,0,0.6227782,0.37722185,2
17556,0,1,0.41324043,0.58675957,2
16436,0,0,0.6741882,0.3258118,3
153871,0,1,0.049884073,0.950116,3
166966,1,1,0.39169773,0.60830224,4
181896,0,1,0.3612866,0.63871336,3
374010,1,1,0.16767937,0.8323206,4
135639,1,1,0.30033368,0.6996663,4
3973,0,1,0.41975462,0.5802453,3
102407,1,1,0.2405692,0.75943077,5
13644,0,1,0.38338304,0.61661696,3
137892,1,0,0.6119905,0.38800943,4
89338,1,1,0.04955384,0.9504461,4
83996,1,1,0.04280841,0.9571916,5
92140,0,0,0.81852114,0.18147886,2
11051,0,0,0.51752263,0.48247737,3
3004,1,1,0.4176932,0.5823068,4
30203,0,0,0.8016709,0.19832914,2
77466,1,1,0.294365,0.7056351,4
117663,1,1,0.4569857,0.5430142,4
31421,0,0,0.68156445,0.31843558,3
189743,1,1,0.15249932,0.8475006,4
28972,1,1,0.20324641,0.7967536,4
412542,0,0,0.5980381,0.40196195,3
36764,1,1,0.24445719,0.7555428,4
17692,0,0,0.61015356,0.3898465,3
429076,1,1,0.18956003,0.81043994,4
135835,1,1,0.11396991,0.88603014,4
72341,1,0,0.5350551,0.46494493,4
368347,1,1,0.11264375,0.8873562,4
5560,1,1,0.43357503,0.56642497,4
147692,0,0,0.55592513,0.4440748,2
406243,0,1,0.4003871,0.5996129,3
148538,1,1,0.014737107,0.9852629,5
70983,1,0,0.54658884,0.45341113,4
340564,0,0,0.5196774,0.48032257,3
200948,0,0,0.7015585,0.29844153,3
188629,0,0,0.64391905,0.3560809,2
50192,0,0,0.6541075,0.3458925,3
125579,0,1,0.40871847,0.59128153,1
58665,1,1,0.22204824,0.7779518,4
334468,1,1,0.21509796,0.7849021,4
125272,1,1,0.41587493,0.5841251,4
238870,1,1,0.3542485,0.64575154,4
121764,1,0,0.7797025,0.22029752,4
156712,0,1,0.47329274,0.5267073,3
116876,0,0,0.6378865,0.3621135,3
78665,1,1,0.24041595,0.75958407,4
263531,1,1,0.021371821,0.97862816,4
31490,1,0,0.6751089,0.3248911,4
6376,1,0,0.53851974,0.46148023,4
103402,0,0,0.6191303,0.38086963,3
30040,0,1,0.20980132,0.7901987,3
5789,0,0,0.7171951,0.2828049,3
147810,0,1,0.14703503,0.85296494,3
78846,0,0,0.6655275,0.33447245,3
79400,1,1,0.3571171,0.64288294,4
242240,0,1,0.16665243,0.83334756,3
133100,1,1,0.3263403,0.6736597,4
173607,1,1,0.064376906,0.9356231,4
120675,1,1,0.47055408,0.52944595,4
18557,0,0,0.5679764,0.43202358,3
51414,0,0,0.515912,0.484088,3
142688,1,1,0.029122062,0.97087795,4
764,1,1,0.15913549,0.8408645,4
122509,0,0,0.7129702,0.28702974,2
188066,1,1,0.43966877,0.5603312,4
35074,1,0,0.8903192,0.10968084,4
361910,0,1,0.30105224,0.6989477,2
107209,1,1,0.26139125,0.7386088,4
29124,0,1,0.14137831,0.8586217,3
236626,1,1,0.1421791,0.85782087,4
325459,1,1,0.2067837,0.7932163,4
239870,1,1,0.09873369,0.9012663,4
93889,1,1,0.13771252,0.8622875,4
352638,1,0,0.6022762,0.39772373,4
113579,0,1,0.49192384,0.5080762,2
89335,1,1,0.07830629,0.9216937,5
167087,0,0,0.5746431,0.42535692,2
72269,1,1,0.048001427,0.9519986,4
5105,1,1,0.22440676,0.7755933,4
74323,0,0,0.65403086,0.34596908,3
371385,1,1,0.28601068,0.71398926,4
81923,1,1,0.3435224,0.65647763,4
141376,1,1,0.25735062,0.7426494,4
47140,1,1,0.27136308,0.728637,4
1375,0,1,0.08210509,0.91789496,3
186340,1,0,0.62480193,0.37519804,4
82788,1,1,0.029218748,0.9707812,4
246356,0,0,0.5335348,0.4664652,3
151384,1,0,0.5920634,0.40793654,4
245523,1,0,0.60586303,0.39413697,4
102466,1,1,0.16169903,0.838301,4
89669,0,0,0.7372194,0.2627806,2
173939,1,1,0.27891612,0.7210839,4
38318,1,1,0.49034023,0.50965977,4
17136,0,0,0.72891754,0.2710825,3
113266,0,0,0.620609,0.37939095,2
70032,0,1,0.052966207,0.9470338,3
114102,0,0,0.79197913,0.20802084,3
108770,0,1,0.29263654,0.7073635,2
358320,1,1,0.09505679,0.90494317,4
203492,1,1,0.36420792,0.63579214,5
68408,1,1,0.3586963,0.6413037,4
119113,1,1,0.3367165,0.6632835,4
39318,1,1,0.36593184,0.6340682,4
157769,0,1,0.38010204,0.61989796,3
477228,0,0,0.52072495,0.47927505,3
40430,1,1,0.2831543,0.7168457,4
415428,1,1,0.33475703,0.66524297,4
124886,1,1,0.3801059,0.6198941,4
423344,1,1,0.10536104,0.89463896,4
360599,1,1,0.12036384,0.87963617,4
24969,1,1,0.28681272,0.7131873,4
146870,1,1,0.46128315,0.53871685,4
40462,1,1,0.3606957,0.6393043,4
417826,1,1,0.38146174,0.6185382,4
257094,0,1,0.42040858,0.5795914,3
148486,1,1,0.03887951,0.96112055,4
163419,1,1,0.41280296,0.587197,4
402649,1,1,0.3904795,0.60952055,4
19761,1,0,0.60828894,0.39171106,4
60081,0,0,0.7279829,0.27201712,3
118707,1,1,0.22040573,0.77959424,4
119562,1,1,0.37759808,0.6224019,4
373207,1,1,0.18901256,0.8109874,5
33477,1,1,0.46649683,0.5335032,4
146714,0,1,0.22968765,0.77031237,3
148530,1,1,0.022299603,0.9777004,5
209027,0,0,0.68020797,0.3197921,3
86952,1,1,0.02558851,0.9744115,5
254617,1,1,0.06041477,0.93958527,4
40068,0,0,0.54790866,0.45209134,3
31940,1,1,0.16886356,0.83113647,4
54435,0,1,0.3635097,0.6364903,3
351970,0,1,0.16352646,0.8364735,3
61915,1,0,0.5954695,0.40453053,4
56549,1,1,0.44975325,0.5502468,4
109126,1,1,0.09035618,0.9096438,4
89963,1,0,0.50073683,0.4992632,4
64544,1,1,0.21539141,0.78460854,4
26661,1,1,0.20042628,0.7995737,5
233803,0,1,0.32637954,0.6736204,2
144337,0,0,0.7060347,0.2939653,3
165746,1,1,0.23937257,0.7606274,4
391752,0,1,0.23958905,0.76041096,3
127625,1,1,0.043824196,0.9561758,4
11899,1,1,0.18359074,0.8164093,5
156738,0,1,0.4393019,0.56069803,3
325585,0,1,0.43123376,0.56876624,3
4854,1,1,0.1333853,0.86661464,4
354510,0,1,0.24036264,0.7596373,3
47847,1,1,0.16758478,0.8324152,4
387225,1,1,0.35564107,0.64435893,4
408419,0,1,0.33522266,0.6647773,3
68153,1,1,0.47311118,0.52688885,4
210684,1,1,0.069327734,0.9306723,4
106449,1,1,0.028218778,0.97178125,4
382798,1,1,0.031895332,0.9681047,5
2733,1,1,0.36112425,0.6388758,4
25522,0,0,0.7042687,0.29573128,3
10481,1,0,0.59016186,0.4098381,4
6229,0,1,0.48844555,0.5115545,3
117981,1,1,0.07274255,0.9272575,5
28591,1,1,0.16114748,0.8388525,4
24598,1,0,0.591365,0.408635,4
315934,0,1,0.31669134,0.6833087,3
107717,1,1,0.2888899,0.7111101,5
31251,1,1,0.399929,0.6000711,4
56945,0,0,0.5408371,0.4591629,3
111091,0,0,0.5245729,0.4754271,3
27310,0,1,0.15156159,0.8484384,3
395832,0,0,0.562395,0.43760505,2
189517,0,0,0.6063084,0.39369163,3
161250,0,1,0.4986207,0.5013793,2
92367,1,1,0.12013538,0.8798646,4
237675,0,0,0.5565856,0.44341442,3
165113,1,0,0.5838708,0.41612917,4
18663,1,1,0.3124277,0.68757236,4
328039,0,0,0.60303587,0.39696413,3
15148,0,0,0.7688323,0.23116766,2
6968,1,1,0.42406863,0.5759313,4
148946,0,0,0.74379766,0.25620234,3
146197,1,1,0.273698,0.726302,4
252374,1,1,0.23006973,0.76993024,4
141186,1,1,0.14892815,0.8510719,4
407459,0,1,0.14607969,0.8539203,3
13052,1,0,0.6928062,0.30719382,4
52789,0,0,0.61967915,0.38032088,3
387774,1,1,0.08088038,0.9191196,4
426204,0,1,0.4501979,0.54980206,3
357589,1,1,0.04826858,0.9517314,4
214866,1,1,0.4013444,0.59865564,4
390700,1,1,0.14730582,0.8526942,4
35836,1,0,0.54706734,0.45293263,4
329331,0,0,0.80680716,0.19319281,2
105902,0,0,0.558897,0.44110304,3
29447,1,1,0.051553268,0.9484467,5
22967,1,1,0.45576164,0.5442383,4
58625,1,1,0.13627267,0.86372733,4
374532,1,1,0.06074016,0.9392599,5
151385,1,1,0.45162222,0.5483778,4
410145,1,0,0.7310328,0.26896718,4
7542,0,0,0.75288355,0.24711645,3
63709,0,0,0.81052166,0.18947838,3
120444,1,1,0.22818477,0.77181524,4
6985,1,0,0.5534072,0.44659278,4
274000,0,1,0.34643424,0.65356576,3
69160,0,1,0.42630288,0.5736971,3
12986,1,1,0.42305586,0.5769441,4
36859,0,1,0.047039706,0.95296025,3
45604,0,1,0.34618902,0.653811,3
163012,0,1,0.15223831,0.8477617,3
420629,1,1,0.3415427,0.65845734,4
338258,1,1,0.17467873,0.82532126,5
149807,1,1,0.18571246,0.81428754,4
517,0,0,0.513066,0.486934,3
10739,0,1,0.42623734,0.5737626,3
389987,1,1,0.28840613,0.71159387,4
114120,0,0,0.80669034,0.19330965,1
327914,0,1,0.16082051,0.8391795,3
74514,1,0,0.50701386,0.49298617,4
1135,0,1,0.24560426,0.7543957,2
124686,0,0,0.65336907,0.3466309,3
302530,1,1,0.46518794,0.5348121,4
146212,1,1,0.43126628,0.5687337,4
11627,1,1,0.12643732,0.87356263,5
332302,0,0,0.62418985,0.37581015,3
75452,0,0,0.54158515,0.45841482,2
64466,0,0,0.5445889,0.45541108,3
28983,0,1,0.1114523,0.88854766,3
357476,1,1,0.0348358,0.96516424,4
71054,1,0,0.70576614,0.2942338,4
27503,0,0,0.6085492,0.39145085,3
257430,1,1,0.4582261,0.5417739,4
92138,1,0,0.8147018,0.1852982,4
154033,1,1,0.024700647,0.9752993,5
419042,0,1,0.31487733,0.68512267,3
261193,1,1,0.04586185,0.95413816,4
82808,1,0,0.703792,0.29620802,4
142799,1,1,0.017732171,0.98226786,4
278896,1,0,0.66369253,0.3363074,4
2636,1,0,0.5384839,0.46151605,4
247314,1,1,0.11440168,0.88559836,4
140212,1,1,0.06699619,0.9330038,4
93300,0,0,0.7461215,0.25387844,2
113272,0,0,0.59898454,0.4010155,2
415423,1,1,0.397039,0.602961,4
360851,1,1,0.10656468,0.8934353,5
19161,1,1,0.41064444,0.5893556,4
24507,0,0,0.52515423,0.47484577,3
33563,1,1,0.1558402,0.8441598,4
176087,1,0,0.6038766,0.39612344,4
202009,0,1,0.13164937,0.8683507,3
142530,1,1,0.02556205,0.97443795,5
33970,0,1,0.29771283,0.70228714,3
389518,0,1,0.2798893,0.72011065,3
267451,0,0,0.6865723,0.31342772,1
5663,1,0,0.6233995,0.37660047,4
64551,0,1,0.29149812,0.7085018,3
156510,0,0,0.8292662,0.17073378,3
54486,0,1,0.43294853,0.5670515,3
167194,1,1,0.3263565,0.67364347,4
192149,1,1,0.11282247,0.8871775,4
40882,1,1,0.18456627,0.81543374,5
59586,0,0,0.76456726,0.23543271,3
416380,1,0,0.8571452,0.1428548,4
236457,1,1,0.075958155,0.92404187,4
95387,1,1,0.27464554,0.72535443,4
142703,1,1,0.010015529,0.9899845,4
355922,1,1,0.08106229,0.9189377,4
77296,1,1,0.04519637,0.95480365,5
104389,0,1,0.35465434,0.6453456,2
84563,1,1,0.34303614,0.6569639,4
148561,1,1,0.016483583,0.9835164,5
429422,1,1,0.23847215,0.7615278,4
7203,1,1,0.15136683,0.84863317,4
33542,0,0,0.7557955,0.2442045,2
93850,1,1,0.21228597,0.78771406,4
372939,1,1,0.04886444,0.9511356,4
168028,1,0,0.72987974,0.27012026,4
102027,1,1,0.27030072,0.72969925,4
491747,1,1,0.18420808,0.8157919,4
70320,1,1,0.3600474,0.63995266,4
102378,1,1,0.29557282,0.7044272,4
58265,1,1,0.19731076,0.8026892,4
238581,0,0,0.5762588,0.4237412,3
84441,1,1,0.40369222,0.59630775,4
135703,0,1,0.31493837,0.68506163,3
200960,1,0,0.5646392,0.43536076,4
7985,0,0,0.78166115,0.21833877,3
50413,1,1,0.09401998,0.90598,4
10504,1,0,0.5704469,0.42955306,4
116921,1,1,0.38940975,0.6105902,4
104733,0,1,0.19423461,0.80576533,3
386249,1,1,0.3657147,0.6342853,4
39169,1,1,0.059693035,0.94030696,4
74882,0,0,0.5409065,0.45909354,3
333756,0,0,0.6016849,0.39831504,3
247217,0,1,0.10032086,0.8996791,3
1412,0,1,0.25460574,0.74539423,2
45464,1,0,0.6386381,0.3613619,4
64126,1,1,0.33319774,0.6668022,4
352681,1,1,0.3048461,0.69515395,4
165288,0,1,0.35671443,0.6432855,3
3867,0,0,0.7151571,0.28484294,3
166325,0,1,0.17436649,0.82563347,3
57814,0,1,0.36285755,0.6371425,2
105026,1,1,0.33141354,0.6685865,4
26514,1,1,0.4781103,0.5218897,4
126007,0,0,0.64879036,0.35120958,3
90278,1,0,0.5396748,0.46032524,4
101459,0,1,0.45825014,0.5417499,3
76429,1,0,0.5594454,0.44055468,4
270726,1,1,0.19411756,0.80588245,4
125717,1,0,0.75592756,0.24407244,4
8241,0,0,0.5495296,0.4504704,3
375548,1,1,0.1753178,0.8246822,5
32868,1,1,0.15000969,0.8499903,4
28616,1,1,0.22316344,0.7768365,4
37175,1,1,0.44397983,0.5560202,4
404407,1,1,0.06764199,0.932358,4
410237,1,1,0.36092108,0.6390789,4
47372,1,1,0.13521656,0.86478347,4
189973,0,0,0.54161936,0.4583807,3
171119,1,1,0.21414506,0.7858549,4
29493,1,1,0.06702039,0.9329796,4
386279,1,1,0.49229556,0.5077044,4
41360,0,0,0.65061057,0.3493895,3
59039,1,0,0.7443038,0.25569618,4
37178,1,1,0.33467072,0.6653292,4
58656,1,1,0.2513163,0.74868363,4
3802,1,1,0.1890142,0.81098586,4
76449,1,1,0.09076496,0.90923506,4
127644,1,1,0.33151734,0.66848266,5
214369,0,1,0.344048,0.655952,3
215937,0,0,0.69415754,0.30584246,3
490712,1,1,0.053814955,0.94618505,4
239586,1,1,0.425212,0.57478803,4
4281,0,1,0.11606184,0.88393813,3
396464,0,1,0.23967925,0.7603207,3
350360,1,1,0.19560075,0.8043993,4
386106,0,0,0.7386566,0.26134345,3
433960,1,1,0.14687167,0.8531284,5
109742,0,0,0.6275759,0.3724242,3
46729,1,1,0.25629938,0.74370056,4
53683,0,1,0.38379812,0.61620194,3
23567,1,1,0.042982377,0.95701766,4
46722,1,1,0.34981412,0.6501858,4
120455,0,0,0.5928261,0.4071739,3
247913,1,1,0.048731692,0.95126826,4
31647,0,0,0.5414728,0.45852724,2
364707,1,1,0.11777411,0.88222593,4
339935,1,0,0.5428416,0.4571584,5
82322,1,0,0.7313191,0.2686809,4
184237,1,1,0.20374295,0.7962571,4
183597,1,0,0.63907886,0.36092108,4
406664,1,1,0.44736227,0.55263776,4
72577,1,1,0.18530673,0.8146933,4
76892,1,0,0.7008696,0.2991304,4
153283,0,1,0.47152153,0.52847844,2
31826,1,1,0.23934896,0.76065105,4
67954,0,0,0.64712125,0.3528788,3
146671,1,1,0.013090853,0.9869091,5
68705,1,1,0.4447974,0.5552026,4
233826,0,1,0.45167497,0.54832506,3
61707,1,1,0.07870711,0.92129296,4
156363,1,1,0.483565,0.51643497,4
372707,1,1,0.21781828,0.78218174,5
34134,1,0,0.57279706,0.42720297,4
173601,1,1,0.06555142,0.93444854,4
252712,1,1,0.16475551,0.83524454,4
61985,1,0,0.56208026,0.4379198,4
405662,1,1,0.34998375,0.65001625,4
38590,0,0,0.51469845,0.48530158,2
127276,1,0,0.5641753,0.43582463,4
113090,1,1,0.45046103,0.54953897,4
57995,1,1,0.4809646,0.5190354,4
72555,1,1,0.12317112,0.8768289,4
348385,1,1,0.368494,0.63150597,4
323459,1,1,0.3018632,0.6981368,4
153632,1,1,0.022824725,0.9771753,5
145215,1,0,0.57437617,0.42562386,4
15225,1,1,0.27776274,0.7222372,4
5754,0,0,0.74003416,0.25996584,3
84022,1,1,0.057371132,0.94262886,5
130872,0,1,0.1940598,0.80594015,3
147523,0,1,0.29211193,0.70788807,3
366177,1,1,0.3657174,0.6342826,4
25769,0,0,0.642769,0.35723105,3
103352,0,0,0.5578205,0.44217953,3
216001,0,0,0.6458616,0.3541384,3
40467,1,1,0.3197471,0.6802529,4
365241,0,0,0.65615815,0.34384188,3
118636,0,0,0.6652488,0.33475122,3
156196,0,0,0.799571,0.20042899,3
160743,1,1,0.43959147,0.5604086,4
105360,0,1,0.4162343,0.5837657,3
90277,0,1,0.37903926,0.6209607,3
248423,1,1,0.025132839,0.97486717,4
359718,1,1,0.049754668,0.9502453,4
387698,1,1,0.3127309,0.68726903,4
86642,0,1,0.39758024,0.6024198,2
131022,1,1,0.30298638,0.69701356,4
127612,1,1,0.19478911,0.8052109,4
356680,1,1,0.038887374,0.9611126,5
393911,1,1,0.11256192,0.8874381,4
83815,1,1,0.13726212,0.86273783,5
352186,1,0,0.54200274,0.45799726,4
165048,1,0,0.6045448,0.3954552,4
34328,1,1,0.34563887,0.6543612,4
366632,1,1,0.22409724,0.7759028,4
327762,0,1,0.47172624,0.52827376,3
60782,1,1,0.17607084,0.82392913,4
413684,1,1,0.08443481,0.9155652,5
56030,1,1,0.05883599,0.941164,4
105659,1,0,0.5600059,0.43999413,4
365799,1,1,0.18011047,0.81988955,4
56294,1,1,0.07773542,0.9222646,4
491273,1,1,0.36158648,0.6384135,4
355186,1,1,0.07279295,0.92720705,4
31796,0,1,0.3826411,0.61735886,3
41664,1,1,0.058705375,0.94129467,4
101315,0,0,0.9098987,0.090101324,3
10834,0,0,0.76001006,0.23998989,3
56171,0,1,0.2842434,0.7157566,3
41980,0,0,0.6861625,0.31383747,3
70025,1,0,0.52989817,0.4701018,4
105597,1,0,0.5476473,0.45235273,4
153659,1,1,0.09074048,0.9092595,4
361045,1,0,0.5882621,0.41173792,4
361551,0,0,0.5241501,0.47584993,3
247129,1,1,0.038601723,0.9613983,4
86427,1,1,0.23989645,0.7601036,5
171317,1,0,0.5028392,0.4971608,4
268215,1,1,0.49789852,0.5021015,4
34796,0,1,0.25574708,0.7442529,3
161924,1,0,0.5538068,0.44619316,4
354453,1,1,0.14342956,0.8565704,4
363684,1,1,0.34142786,0.65857214,5
169802,1,1,0.087998286,0.91200167,4
140519,1,1,0.075903386,0.9240966,5
53484,0,1,0.37290996,0.62709004,3
135185,1,1,0.3408727,0.6591273,4
38886,0,1,0.44551206,0.554488,1
196168,1,1,0.21531503,0.78468496,4
351168,1,1,0.11655142,0.88344854,4
169810,1,1,0.49980995,0.5001901,4
423853,1,1,0.12655544,0.87344456,4
55962,1,1,0.08102302,0.91897696,4
18562,1,0,0.57877606,0.42122388,4
39325,1,1,0.06214852,0.9378515,4
87071,1,1,0.39893064,0.60106933,4
334541,0,1,0.13448654,0.86551344,3
28577,1,1,0.19513065,0.8048694,4
170584,1,1,0.38861328,0.6113867,4
268870,1,0,0.6591448,0.3408552,4
354035,1,1,0.23137169,0.7686283,4
232624,0,1,0.4062494,0.5937506,3
16435,0,0,0.5585991,0.44140086,3
104231,1,1,0.036849312,0.9631507,4
50069,0,0,0.721549,0.27845103,2
474941,1,1,0.06539046,0.9346095,4
328049,1,1,0.227716,0.77228403,4
418513,1,1,0.15071876,0.84928125,4
13479,1,0,0.5643007,0.4356993,4
3896,0,0,0.719213,0.28078696,3
50810,1,1,0.3279296,0.6720704,4
162417,0,1,0.41367742,0.5863226,3
477087,1,1,0.29264933,0.7073507,4
36232,0,1,0.44225982,0.55774015,3
186660,1,0,0.7296621,0.27033788,5
53292,1,1,0.22441764,0.7755824,4
96956,1,1,0.26940826,0.7305918,4
52404,0,0,0.70548385,0.29451618,3
176245,0,1,0.33104366,0.66895634,3
31738,1,1,0.18335566,0.8166443,4
46153,1,1,0.03668424,0.9633158,5
67750,1,1,0.05295134,0.9470487,4
367078,1,1,0.2733234,0.7266766,4
92405,1,1,0.19206123,0.8079388,4
366246,0,1,0.4469027,0.5530973,3
247511,1,1,0.06776674,0.9322333,4
32151,1,0,0.7653264,0.23467357,4
180089,0,0,0.5105548,0.48944518,3
72578,1,1,0.289878,0.710122,4
113288,0,0,0.6704997,0.32950038,3
336586,1,1,0.047727127,0.9522729,4
59457,1,1,0.2950221,0.70497787,4
274153,1,1,0.21405771,0.78594226,4
256886,1,1,0.3142483,0.68575174,4
92371,0,1,0.17221846,0.8277815,3
382534,1,1,0.04539362,0.95460635,5
354220,1,1,0.05773942,0.9422606,4
111073,0,1,0.2754374,0.7245626,1
177859,0,1,0.23869656,0.7613035,3
137121,0,1,0.2515231,0.74847686,2
272192,0,0,0.5112642,0.48873585,3
337236,1,1,0.2222723,0.77772766,4
223280,0,1,0.4122404,0.58775955,3
79145,1,1,0.425764,0.57423604,4
61736,0,1,0.1278522,0.8721478,3
43673,0,1,0.16301967,0.8369803,3
121472,1,1,0.09554164,0.90445834,4
62263,1,1,0.13576418,0.8642358,4
432875,1,0,0.6598054,0.3401946,4
56135,1,0,0.5453599,0.45464012,4
131016,1,1,0.2466297,0.7533703,4
81382,1,1,0.26177597,0.738224,4
27062,0,1,0.31443608,0.6855639,2
179506,0,1,0.21269953,0.78730047,3
128712,0,1,0.31091306,0.6890869,2
148441,1,1,0.017114883,0.9828851,4
276317,1,1,0.07000737,0.9299926,4
39519,1,1,0.16598655,0.8340134,5
124396,1,0,0.61834943,0.38165057,4
165142,1,1,0.19382484,0.8061752,5
155925,1,1,0.41732714,0.58267283,4
57509,1,1,0.3435435,0.6564565,4
128740,0,0,0.5392539,0.4607461,3
116750,0,1,0.4819837,0.51801634,3
89286,0,1,0.3850523,0.61494774,3
115221,1,1,0.042624526,0.95737547,4
427615,1,1,0.111376554,0.8886235,4
57490,1,1,0.29934546,0.7006545,4
137540,1,1,0.05164288,0.94835716,4
193784,1,1,0.19391653,0.8060835,5
61763,1,1,0.06288131,0.9371187,4
27641,0,0,0.5923416,0.40765837,3
146942,1,1,0.1471971,0.85280293,4
231972,0,0,0.5591695,0.44083053,3
61249,0,1,0.49620575,0.5037942,3
99966,0,1,0.36932638,0.63067365,3
144331,1,0,0.67583615,0.32416388,5
174368,1,1,0.057952546,0.9420475,4
39651,1,1,0.35305268,0.6469474,4
390313,0,0,0.58758354,0.4124165,2
96077,0,1,0.25552964,0.74447036,3
275580,1,1,0.1350079,0.86499214,4
356449,1,1,0.051182322,0.9488177,4
13072,0,0,0.7057066,0.29429337,3
247944,1,1,0.05728156,0.9427184,4
79388,1,1,0.1176426,0.8823574,4
26926,1,1,0.0908689,0.9091311,4
88935,0,1,0.1940471,0.8059529,3
165492,0,1,0.40655416,0.59344584,3
207523,1,1,0.06233965,0.9376604,4
86384,1,1,0.25285137,0.74714863,4
78840,1,1,0.45269498,0.54730505,4
102092,1,1,0.31168064,0.6883194,4
240779,1,1,0.2559983,0.7440017,4
362739,0,1,0.4181059,0.58189404,2
353207,0,0,0.69596016,0.3040399,3
91907,1,1,0.3754138,0.6245862,4
45950,1,1,0.13576333,0.8642367,4
236537,1,1,0.029796297,0.9702037,5
89862,1,1,0.46479505,0.535205,4
403574,1,1,0.086387716,0.9136123,4
183156,1,1,0.4654156,0.5345844,4
77684,1,1,0.1265019,0.8734981,4
388840,1,1,0.08985752,0.9101424,5
98150,1,1,0.47174376,0.52825624,4
32201,1,1,0.44670624,0.55329376,4
119676,1,1,0.09631535,0.9036846,4
171473,1,1,0.2281712,0.77182883,4
374184,0,1,0.13858627,0.8614137,3
220582,1,1,0.444373,0.555627,4
257609,1,1,0.3937125,0.60628754,4
39188,1,1,0.073113345,0.9268867,5
336994,1,1,0.19420427,0.8057958,4
185999,0,1,0.27416515,0.72583485,3
271557,0,0,0.65433216,0.3456678,3
239760,0,1,0.17795846,0.8220416,3
260471,0,1,0.2835832,0.71641684,2
199173,1,1,0.2871646,0.71283543,4
357872,1,1,0.18593429,0.81406564,4
45917,1,0,0.57419205,0.425808,4
413462,1,1,0.14432222,0.8556778,4
320166,1,1,0.23152089,0.7684791,4
277553,1,1,0.12617718,0.8738228,4
124720,1,1,0.22439505,0.77560496,4
6023,1,1,0.26036513,0.7396349,4
178022,1,0,0.5761994,0.42380062,4
275367,1,1,0.45668325,0.5433168,4
145488,1,0,0.5954958,0.40450415,4
275422,1,1,0.21755785,0.78244215,4
163059,0,0,0.557454,0.44254595,3
23098,1,0,0.67433983,0.32566017,4
404368,1,1,0.4535621,0.54643786,4
458030,1,1,0.05000433,0.94999564,4
65995,0,0,0.83824384,0.16175614,3
247513,1,1,0.035661787,0.9643382,5
40049,0,0,0.5443074,0.45569262,3
234996,1,1,0.073746964,0.9262531,4
196092,0,1,0.114651166,0.88534886,2
84391,1,0,0.50812227,0.49187768,4
250853,0,1,0.40715128,0.5928487,1
189695,1,0,0.8386851,0.16131492,4
367313,0,0,0.5911045,0.4088955,2
196645,1,1,0.16017339,0.8398266,4
137582,1,1,0.15286666,0.84713334,4
241571,1,1,0.19239457,0.80760545,4
179905,0,0,0.6731446,0.32685542,3
213453,0,1,0.25035954,0.74964046,3
204179,1,1,0.3699888,0.6300112,4
2528,1,1,0.17749082,0.82250917,4
4053,1,1,0.38524008,0.6147599,5
197450,1,0,0.8076487,0.19235122,4
30199,0,0,0.7422691,0.25773087,2
102705,0,1,0.45085564,0.5491443,2
63682,1,1,0.3573666,0.64263344,4
240934,1,0,0.7045536,0.29544646,4
465759,1,0,0.58990985,0.41009018,4
386380,1,1,0.39943245,0.6005676,4
59450,1,1,0.39932847,0.6006715,5
13906,0,1,0.3986932,0.60130686,2
315940,1,1,0.3596363,0.6403637,4
332000,1,1,0.07774407,0.922256,4
139097,0,0,0.6846854,0.3153146,3
39197,1,1,0.09411215,0.9058879,4
107422,1,1,0.19897561,0.80102444,4
61730,1,1,0.030173104,0.9698269,4
25227,0,0,0.66679037,0.33320966,3
146432,0,0,0.6707525,0.32924744,2
373680,0,0,0.86286557,0.13713442,3
333753,0,0,0.6512512,0.34874883,2
56154,0,0,0.86343735,0.13656272,3
146625,1,1,0.008590586,0.9914095,4
344899,0,0,0.5310738,0.46892616,3
86094,1,0,0.61463165,0.38536838,4
6960,0,1,0.33151573,0.6684843,3
432113,1,1,0.24203864,0.75796133,4
338426,0,1,0.45116684,0.5488332,3
104736,1,1,0.03455615,0.9654438,4
116428,1,0,0.7654709,0.23452908,4
423473,1,0,0.62812704,0.371873,4
21890,1,1,0.19551536,0.8044846,4
39992,0,0,0.6643844,0.33561563,2
134846,0,0,0.60603184,0.3939682,3
388252,1,1,0.1693051,0.8306949,4
348082,0,1,0.092963435,0.90703654,3
54773,0,1,0.4030248,0.5969752,3
25607,1,1,0.4916458,0.5083541,4
151349,1,1,0.07466563,0.9253344,4
146487,1,1,0.011302511,0.9886975,5
155233,0,1,0.4863216,0.5136784,3
347918,1,1,0.45991293,0.54008704,4
