sound_id,true_confidence,pred_confidence,prob_max
256557,5,4,0.2726408
68409,4,4,0.65707994
194364,4,4,0.83229697
87656,2,2,0.32637668
64818,4,4,0.48139647
104038,3,3,0.42409673
26491,3,4,0.5887265
105922,2,4,0.5278624
358016,5,4,0.7215863
164175,4,3,0.46614644
343965,3,3,0.50509787
131114,3,4,0.4973765
416286,3,4,0.89030606
377266,4,2,0.27168545
41328,4,3,0.5098336
65518,4,4,0.59077585
8434,4,4,0.45613003
395828,5,4,0.7157463
39086,4,4,0.6235907
253525,4,4,0.61831427
102095,4,4,0.68385017
2717,3,4,0.4751816
382888,4,4,0.8068236
152707,3,4,0.47671428
137760,3,3,0.43695545
203377,4,4,0.88833886
412191,4,3,0.4870389
18710,4,4,0.4075986
29503,4,4,0.7905367
32169,4,3,0.47540593
88915,5,4,0.59799707
357992,4,4,0.75074106
41666,4,4,0.6221915
193347,3,4,0.60737973
9923,3,4,0.67860466
234994,4,4,0.6925194
371151,3,4,0.7696491
131265,3,2,0.38256505
216388,3,4,0.59664905
74543,4,3,0.39851037
454617,4,4,0.6966392
36554,4,4,0.42796496
200407,4,4,0.7691539
79598,4,4,0.4741356
373834,4,4,0.726352
1148,2,4,0.72400767
13018,3,4,0.50927776
178605,4,4,0.5535225
418758,4,4,0.69642735
231495,4,4,0.7429636
147958,3,3,0.50248826
64965,4,4,0.68925667
109622,4,4,0.6832919
373898,4,4,0.8064644
465780,4,4,0.712702
50812,3,1,0.67700756
29419,4,4,0.7547652
41068,2,4,0.4386821
406694,4,4,0.46098214
10130,4,1,0.62954277
246947,5,4,0.74896157
40032,4,4,0.47462556
334043,3,3,0.59795094
302492,4,4,0.440106
105333,3,3,0.6141005
61762,5,4,0.7582931
156765,3,4,0.485756
125063,4,4,0.6705328
115559,3,4,0.46902785
379750,4,4,0.6110822
418632,3,4,0.72148114
61721,5,4,0.6929691
18335,3,4,0.53220713
248598,3,4,0.72472835
386492,4,2,0.50921404
145481,4,4,0.48998797
155285,2,4,0.5228132
142697,4,4,0.69046736
41691,4,4,0.5046824
184416,4,4,0.5256702
34140,4,4,0.4232244
5662,4,4,0.5177015
445125,4,4,0.79055065
61526,3,4,0.85030615
325255,5,4,0.6730072
183645,3,1,0.62436426
178849,5,4,0.7656521
156042,2,4,0.6633478
267954,4,4,0.8096967
157240,4,4,0.47472122
96503,1,3,0.44763976
58051,5,4,0.82693285
390459,4,4,0.91053444
26630,5,4,0.58392054
213945,4,4,0.62833947
249715,4,4,0.9416784
138125,2,4,0.53570247
232723,4,4,0.68156403
362916,4,4,0.563287
489483,4,4,0.7158132
172322,4,3,0.6615444
65726,3,3,0.65166575
50161,3,3,0.6227611
89115,2,2,0.5718478
335951,4,4,0.77782357
144342,4,3,0.4690653
151994,4,4,0.74187845
152606,4,4,0.7997933
494701,4,4,0.6504752
39388,4,4,0.5638072
26906,4,4,0.5835091
432206,4,4,0.6091321
57055,3,4,0.49417728
419027,2,4,0.7746964
16174,4,4,0.5501564
39081,4,3,0.3792717
11665,5,4,0.38693547
30880,4,4,0.5422599
240079,3,4,0.66558486
16663,3,1,0.5324981
55996,5,4,0.7310664
357446,4,4,0.8129788
337768,4,4,0.7329767
51703,3,4,0.5228647
128010,3,2,0.4157086
126167,3,3,0.55609226
29889,4,4,0.8954527
16431,3,4,0.43025264
338170,2,3,0.5546659
357745,3,4,0.8152594
66155,4,4,0.6895258
418422,2,3,0.36945558
29119,4,4,0.72777677
101421,3,4,0.41627073
187863,4,4,0.526216
68688,4,4,0.5634535
31057,4,4,0.575141
106784,3,4,0.4860474
33654,4,4,0.63086146
236599,2,1,0.3542842
482689,3,4,0.6828342
1370,4,3,0.53698087
76438,2,3,0.50738883
32589,3,3,0.51695275
50262,2,2,0.3848665
5193,4,4,0.8701146
336787,3,4,0.44993395
316440,2,4,0.42111367
331907,4,4,0.76094574
96937,3,3,0.4483097
366771,3,4,0.5198013
372702,5,4,0.72442347
157596,4,4,0.6261222
41302,3,4,0.46724072
10419,4,4,0.6801495
6233,4,4,0.8509757
368084,4,4,0.48799083
236326,4,4,0.54501945
15791,5,4,0.61799735
83530,3,4,0.50605065
114128,3,1,0.31053543
157658,3,4,0.80669975
153039,4,4,0.36821416
383975,4,4,0.70340484
124276,5,4,0.87481236
368276,4,3,0.5360414
415016,2,4,0.73959523
64828,4,4,0.57784003
1054,3,4,0.7255394
102091,4,4,0.80451584
136943,4,4,0.77906984
14986,3,2,0.5884344
167196,4,4,0.4046034
105584,4,4,0.47038084
51265,3,3,0.5405483
246671,5,4,0.68170387
173775,4,5,0.5655613
157291,3,3,0.58445185
93909,5,4,0.63656783
142757,4,5,0.5486187
140680,4,4,0.7304971
65714,3,3,0.66375685
90412,4,1,0.45926633
120670,3,3,0.5033488
137573,5,4,0.764242
146450,4,4,0.6119481
153738,4,4,0.68738335
374510,4,4,0.82637525
149808,4,4,0.7105955
41083,4,4,0.6004018
40060,2,4,0.5215417
340165,4,4,0.48293245
166958,4,4,0.61848575
13481,3,4,0.46545094
97642,4,4,0.6784871
354794,4,4,0.48790595
86957,1,3,0.44918177
18281,4,4,0.76570714
112270,4,3,0.4958186
20079,3,4,0.8812372
432115,4,4,0.42028674
275466,4,3,0.48811206
138149,2,3,0.3686634
148496,5,5,0.73515046
93964,4,4,0.79023755
108908,3,4,0.50213945
268844,4,4,0.44893226
140034,3,1,0.7795949
50174,3,3,0.51890147
85804,5,4,0.3995472
29477,4,4,0.9191019
67306,3,3,0.4571278
51374,4,4,0.356995
54771,4,4,0.64929825
8797,3,3,0.52741367
24818,4,4,0.60256225
86430,3,4,0.6359081
76568,3,3,0.49075472
62378,3,2,0.42639548
356460,4,4,0.64057034
260919,3,4,0.6610235
133105,5,4,0.40312916
156885,4,4,0.9339742
71300,1,4,0.32819107
270440,4,4,0.68341875
44276,4,4,0.763347
32867,4,4,0.8494927
49520,4,3,0.5180126
105685,4,3,0.50340843
248648,4,4,0.6747744
58673,4,4,0.5010096
432102,4,4,0.66086096
130042,4,4,0.7153649
348309,3,4,0.61216277
34369,4,4,0.68102074
156098,2,3,0.5172913
38104,4,4,0.7604915
88837,4,4,0.59621817
106450,4,4,0.73893654
202898,4,4,0.73011595
29437,4,4,0.8374515
29192,4,4,0.88893926
109616,4,3,0.38966477
55969,4,4,0.7203891
157919,3,3,0.48593682
32870,4,4,0.48432177
359563,4,4,0.60880977
45923,4,3,0.47802034
153737,4,4,0.7389271
262976,4,4,0.7051091
204636,3,3,0.4684285
199227,3,3,0.53764457
24651,4,4,0.34703237
127192,3,3,0.5890702
106876,3,3,0.53096205
374703,4,4,0.46328977
159294,4,3,0.480213
153966,4,4,0.6393854
325379,3,4,0.55285
162975,4,4,0.6453186
223420,4,4,0.6952014
347648,4,4,0.8845164
28574,4,4,0.4295451
199230,4,4,0.7134419
67739,4,4,0.71901464
386033,4,4,0.63128394
52159,4,4,0.7744697
374805,4,4,0.81185585
324381,3,4,0.68349046
85949,3,4,0.87816924
169093,4,3,0.518992
126542,4,2,0.4034488
189848,2,3,0.42495576
100457,3,2,0.44283512
356000,4,4,0.56997
188973,4,4,0.62248194
157018,4,3,0.5266719
257349,4,4,0.6885047
26937,5,4,0.7520586
61728,4,4,0.71053946
62457,4,3,0.4033398
52270,4,4,0.94113046
380400,3,4,0.49951172
50201,3,3,0.42816243
35932,5,4,0.5917522
219253,4,4,0.9091231
340660,3,4,0.5734048
236449,4,4,0.7332409
85272,4,4,0.8112604
400597,4,4,0.817579
429075,4,4,0.7295599
146977,4,4,0.47731856
86354,3,4,0.49776012
156744,4,4,0.3503382
237516,3,4,0.45610568
17693,3,4,0.45139864
393237,4,4,0.74475497
58907,4,4,0.57213414
12002,4,4,0.80277807
160012,4,4,0.43541107
378173,3,4,0.76829255
29062,4,4,0.723933
236976,3,4,0.66442275
26464,4,4,0.79380053
137977,2,3,0.6457707
439993,4,4,0.66613644
114124,3,1,0.32922676
10810,2,2,0.6804573
189518,3,3,0.44814742
255648,4,4,0.7766784
71081,3,4,0.4903221
265311,3,4,0.7956434
167455,4,3,0.60168356
188886,4,4,0.77504086
107157,4,4,0.7876151
75707,4,4,0.6054329
42904,4,4,0.91346186
48353,4,4,0.53127
28859,4,4,0.825293
373614,4,4,0.81210154
33983,4,4,0.56918424
359519,3,4,0.6435543
208848,2,4,0.40988958
165356,3,4,0.40936118
57515,2,4,0.52611196
359449,4,4,0.4903921
37209,4,4,0.6709896
150368,2,4,0.64096
156754,4,2,0.37885576
76442,2,3,0.40913725
61714,5,4,0.72560966
108509,4,4,0.70432323
40109,2,3,0.4339054
339369,3,4,0.5384307
137946,3,4,0.6107624
5997,4,4,0.60755247
349263,4,4,0.49729654
40861,3,4,0.81890815
241500,4,4,0.73644495
188477,3,3,0.48081914
263078,3,3,0.50039923
10956,2,2,0.7090344
109618,4,4,0.46989068
115331,3,4,0.3982642
348887,3,3,0.52092403
24589,3,4,0.48287117
10097,1,1,0.8120263
218988,4,3,0.5705613
130570,4,4,0.75047505
54949,3,4,0.62817025
33564,4,4,0.63374764
353187,4,4,0.749768
382591,3,4,0.5980257
156603,3,3,0.55573505
146620,5,4,0.59254545
161252,2,4,0.50010896
188717,4,4,0.71504164
29722,4,4,0.6556234
44627,4,4,0.6072381
125177,3,4,0.564951
138453,3,4,0.39584097
387785,5,4,0.8576491
42360,3,4,0.48158503
40447,4,4,0.7067922
435557,4,4,0.7524221
249490,3,3,0.48303512
26665,5,4,0.79437387
322603,4,4,0.91812783
90436,2,2,0.6762876
423744,4,4,0.7378607
249546,3,4,0.506663
5677,3,4,0.5633215
10881,3,2,0.44631878
246699,4,4,0.78875214
84387,4,4,0.54708415
366335,4,4,0.8545394
48154,4,3,0.43611696
374710,5,4,0.86527324
155223,4,4,0.6935509
374706,4,4,0.39375106
97287,4,4,0.6709395
167269,4,4,0.8239156
29187,4,4,0.9265406
101233,2,4,0.6436583
354741,3,4,0.49142334
254391,4,4,0.59318787
165170,4,3,0.56346494
8008,3,4,0.39566824
24601,3,4,0.43763986
35554,4,3,0.45061553
394071,4,4,0.8323511
173754,5,5,0.6411282
261588,2,4,0.4636615
181522,4,4,0.78024805
218055,4,4,0.7079157
397375,3,3,0.36819637
150161,3,3,0.40587372
424847,4,4,0.5064361
40998,3,3,0.536874
16625,4,2,0.26905817
76491,3,3,0.6366152
216369,3,3,0.44767222
219303,4,3,0.47180244
150380,4,4,0.5241211
57735,3,3,0.5436533
372408,4,4,0.64668417
31934,4,4,0.7554084
64664,4,4,0.7753698
37940,3,4,0.5436489
169800,3,4,0.88187754
18057,1,3,0.4338565
210734,5,3,0.46131513
275522,4,4,0.67576605
398032,4,4,0.8168223
36777,5,4,0.5885392
345579,4,4,0.6417463
101811,4,3,0.5632463
19528,1,3,0.5838489
69813,4,4,0.80650365
420763,3,3,0.4111228
44702,4,4,0.8179757
89675,4,3,0.6438668
40028,4,4,0.42665803
10885,4,2,0.42003524
257052,3,4,0.5661422
10899,4,3,0.51095
353317,3,4,0.6143024
60638,4,4,0.468212
38633,5,4,0.48256418
329963,3,4,0.76374424
147096,4,3,0.37694663
1389,4,3,0.4081876
198248,4,4,0.7526875
15902,4,4,0.842212
355216,4,4,0.6019121
29476,4,4,0.9075217
3467,3,3,0.49341828
40531,2,4,0.41949576
148230,4,3,0.460932
79051,4,4,0.7383056
28977,4,4,0.80825627
22181,4,4,0.69798255
108313,4,4,0.7971616
343947,4,4,0.7553995
263534,4,4,0.50186396
156730,2,2,0.3708266
239756,4,4,0.683046
246840,4,4,0.7278538
149988,3,3,0.5184684
221639,4,4,0.5292859
92923,4,4,0.60593563
270367,4,4,0.8475949
61562,4,4,0.7566126
5870,3,4,0.4009693
268143,4,4,0.9238979
191733,3,3,0.5404239
127446,3,4,0.45083085
424071,3,4,0.5139053
147138,3,1,0.36008033
120384,3,3,0.5172869
165785,3,4,0.6786087
142578,4,4,0.5315645
61756,4,4,0.5277266
5509,3,4,0.65298194
15928,4,3,0.4073795
56938,4,3,0.46481577
50785,4,4,0.8796118
402022,4,4,0.6177365
216915,4,4,0.48737484
81574,4,4,0.71491635
87682,3,3,0.2933993
373692,3,3,0.4075747
193830,2,3,0.52691025
433887,3,4,0.70128953
223051,4,4,0.6517444
40405,4,4,0.6780252
253237,3,4,0.54262125
75625,3,3,0.5234721
188065,4,4,0.6154506
241477,4,2,0.5628132
338088,4,4,0.7653614
152977,4,4,0.4304754
162395,2,3,0.44150364
91407,2,2,0.64316535
137908,4,4,0.5738204
78729,2,1,0.3835387
60593,3,3,0.5089247
34511,3,3,0.4062582
114081,3,3,0.32526472
259611,4,4,0.8561277
159585,3,4,0.6460352
137648,4,4,0.7889128
398705,4,4,0.87556475
10482,3,4,0.6238733
13464,2,3,0.39329597
16121,4,4,0.62554437
15254,3,2,0.43323866
91227,4,4,0.5333128
204640,3,3,0.47248322
382348,2,4,0.46658933
269906,5,4,0.5110925
100842,3,4,0.56170636
118384,2,2,0.44160414
54094,4,3,0.44992056
29361,4,4,0.8656726
73453,4,4,0.51750666
141816,3,3,0.41569105
86472,4,4,0.6635345
209989,3,4,0.5547393
45063,5,4,0.73855513
428784,4,4,0.8345784
104003,4,3,0.5382893
158604,4,3,0.50608695
439994,3,4,0.6720669
267984,3,3,0.5346662
334585,3,3,0.47926703
86662,3,4,0.51545763
163450,4,4,0.8539438
89660,2,2,0.7607812
258055,3,4,0.663274
354190,5,4,0.60205364
47048,3,4,0.7853473
15568,4,4,0.52878326
202583,3,3,0.48779535
95774,4,4,0.61990786
325701,3,3,0.32029557
58998,2,4,0.4274665
386541,3,4,0.29545543
359816,5,4,0.48190084
415004,4,4,0.65491617
29186,4,4,0.8961485
4268,4,4,0.6078783
3860,3,4,0.39717734
85335,3,5,0.6728561
54194,4,4,0.40589723
90280,3,1,0.34028953
347562,4,4,0.7888682
72984,3,4,0.74101037
41762,3,4,0.412612
161948,4,4,0.5745621
236402,5,4,0.8129741
239877,3,4,0.65179986
116358,3,4,0.605187
343984,4,4,0.6456073
137122,2,4,0.66283804
397673,4,4,0.6962152
371554,4,4,0.7970472
211823,3,4,0.4327139
50286,3,3,0.43843442
190697,4,1,0.2893191
145749,4,4,0.8640214
18047,4,4,0.68895155
171184,4,3,0.56104815
17133,4,3,0.4508262
153857,4,4,0.69818497
30026,5,4,0.67467076
147921,4,4,0.5365724
151800,4,3,0.48906344
417452,4,4,0.94553727
381487,3,4,0.6987674
71600,4,3,0.49958515
28253,4,3,0.6439758
156850,3,3,0.46559975
146946,3,4,0.6630279
64781,4,4,0.6785307
14945,3,2,0.43761525
233715,4,4,0.68907887
166238,4,4,0.53234714
249118,4,4,0.6800742
29893,4,4,0.923594
28758,3,4,0.4064104
373602,4,4,0.6871021
359274,4,5,0.4954448
389640,4,4,0.7401475
92345,4,4,0.42215627
50569,3,1,0.40950403
270470,4,4,0.5617031
276056,3,3,0.40391213
11666,4,4,0.46467614
118116,3,4,0.52862346
105386,4,4,0.65386117
75525,4,3,0.49365354
476803,4,4,0.7683
20620,3,4,0.6851994
67041,4,4,0.8155421
65727,3,3,0.70705163
116228,3,2,0.36611173
213691,4,3,0.37865528
105945,3,4,0.4499882
156700,4,4,0.49691835
1202,3,3,0.41803157
246871,4,4,0.74206454
91449,3,3,0.541595
428321,4,4,0.7872963
153853,4,4,0.56367975
213911,3,3,0.4814497
164179,4,3,0.3479019
390297,3,2,0.4651104
248436,4,4,0.7413935
331143,4,4,0.7875506
130703,3,4,0.5455242
24769,3,4,0.28413877
165034,3,4,0.48128843
8685,2,4,0.6643788
40116,2,4,0.399108
28613,4,4,0.60341907
118388,3,3,0.43691087
154730,4,3,0.4725855
187595,4,4,0.6158794
110651,3,4,0.7946531
116955,3,4,0.65748274
231991,4,4,0.68627876
16098,3,2,0.35882697
38610,3,4,0.49883613
104597,4,3,0.3833154
92925,3,4,0.49674168
70098,3,4,0.4446759
123293,4,4,0.83726925
265290,3,4,0.6346139
354421,4,4,0.74028623
407932,4,4,0.6677751
155243,3,3,0.48153746
114126,3,3,0.36513796
148757,4,4,0.5304765
373868,4,4,0.6541295
53277,4,4,0.786508
337102,1,3,0.5669629
96104,3,4,0.61644566
51423,4,3,0.46149462
88579,2,4,0.4851719
232611,3,4,0.5702364
199757,4,4,0.523217
168747,4,4,0.54087
180305,4,4,0.69021297
73753,2,1,0.53406155
69132,4,4,0.69583005
421667,4,4,0.6461434
355248,4,4,0.5756792
125271,3,3,0.45085597
65340,2,1,0.30371276
87633,4,4,0.6519363
115236,4,1,0.33784422
145535,3,4,0.46311134
38538,3,4,0.4722055
153620,4,4,0.7525147
158594,3,3,0.47267103
416545,3,4,0.4706993
50124,3,4,0.6415547
361443,4,4,0.61311114
355211,4,4,0.54696584
11191,4,3,0.41924745
109534,4,4,0.407103
424109,3,4,0.4495972
373720,3,3,0.37632474
99555,4,4,0.7320983
365704,3,4,0.6121877
109543,3,4,0.44045928
50270,3,2,0.5064003
89921,4,4,0.54713315
418622,4,4,0.6442243
102045,3,4,0.7855858
148422,3,3,0.5550714
255856,2,3,0.46501425
341736,3,3,0.59782517
51397,3,4,0.7355688
114157,4,1,0.45924416
246103,3,4,0.70467633
216814,4,4,0.739285
117978,4,4,0.77073324
151723,2,2,0.5845207
359146,4,4,0.6438863
426205,2,4,0.788326
124697,3,4,0.34832865
20929,4,4,0.5555778
5151,4,4,0.77335554
29705,3,4,0.46558827
171973,3,4,0.557821
199867,4,4,0.8307966
72843,4,4,0.6104643
32446,2,3,0.3234491
222356,4,4,0.6872372
336891,2,4,0.56378347
60780,4,4,0.755016
6546,4,4,0.59451145
48224,4,4,0.79682153
130099,4,2,0.40959015
137418,4,4,0.7740891
48577,2,4,0.51438576
65433,3,3,0.51395196
102380,5,4,0.56681174
236492,4,4,0.68192124
20642,4,3,0.5138428
20536,4,4,0.8956504
89443,3,4,0.3752692
86941,3,3,0.39659187
84063,5,4,0.73850507
395296,3,4,0.44798172
165285,4,4,0.85018045
373691,4,4,0.35150975
154735,3,3,0.47934762
400734,4,4,0.7158314
91416,2,2,0.6933285
47029,2,2,0.37044522
2689,4,4,0.8752721
26540,4,4,0.6471399
150946,4,4,0.5113195
3466,4,3,0.47150904
191912,4,3,0.46505365
323079,3,4,0.7954084
166436,4,4,0.70218116
139824,3,4,0.68473554
144191,4,4,0.856891
416537,3,4,0.6366472
155637,4,3,0.49076185
144076,3,3,0.5955849
366455,4,4,0.870175
99228,3,4,0.4926363
3287,3,3,0.42964354
147948,4,3,0.45477784
386774,4,4,0.6110537
355305,4,4,0.5701508
189407,5,4,0.5890814
148408,5,5,0.67022794
419112,4,4,0.44555366
168075,3,4,0.77031374
78491,4,4,0.5850226
97033,3,4,0.67932034
165614,3,4,0.48690864
62628,3,3,0.61223465
173756,5,5,0.69436103
161678,4,4,0.48921713
78791,3,2,0.51725143
222213,4,4,0.7105225
7883,4,4,0.43910614
381152,3,3,0.5173935
26561,5,4,0.5928353
69817,4,4,0.75325346
152919,3,3,0.45129246
148598,4,5,0.8022323
40499,4,4,0.5722488
130416,4,4,0.7328266
64249,2,2,0.43419152
328052,4,4,0.6601309
523,3,4,0.76632845
188038,3,4,0.5901798
37224,4,4,0.4874891
251145,3,4,0.70693
337090,4,4,0.93404627
58272,4,4,0.7798925
126762,4,4,0.37747782
222222,4,4,0.7297489
156789,3,3,0.3453268
118946,4,4,0.49463886
239659,4,4,0.65931416
5185,3,4,0.70617616
5163,5,4,0.76577365
5520,3,4,0.55824316
46593,3,4,0.41041747
247931,4,4,0.57863635
269003,4,4,0.78153986
233974,3,1,0.39214364
17898,4,3,0.40886268
166101,4,1,0.684174
347314,4,4,0.7140904
9542,3,4,0.6589385
87289,4,3,0.41898036
82177,4,4,0.71514857
359737,4,4,0.57670474
91404,3,2,0.5381199
45477,4,4,0.69446826
401817,4,4,0.7639397
156709,2,4,0.35138622
4528,3,1,0.40552077
316902,5,5,0.44588086
107135,4,4,0.6585359
81996,4,4,0.5737406
154020,4,4,0.6417354
33003,4,1,0.60561806
383695,4,4,0.6219081
146257,4,4,0.5736526
164592,4,4,0.82528585
9190,3,4,0.7164882
35624,3,3,0.42924264
65672,4,3,0.45109084
388594,3,4,0.63595116
347816,4,4,0.74158067
24646,3,4,0.54417205
256884,4,4,0.45444348
154097,5,4,0.62715983
93880,4,4,0.5555187
237210,4,4,0.76130885
167525,3,4,0.57481146
175415,3,3,0.4144982
366676,2,4,0.6156014
351173,4,4,0.67431074
119310,5,4,0.6538645
173725,4,4,0.5889119
467327,4,4,0.62263733
69626,3,4,0.7021844
29275,4,4,0.8566675
74810,3,3,0.4415574
270729,4,4,0.74819726
371570,4,4,0.81508833
55276,3,4,0.7136481
45437,3,4,0.41694477
176282,4,3,0.46813336
386607,4,4,0.7289234
267569,2,3,0.38678536
277595,3,4,0.8181853
269547,4,4,0.72213674
377982,4,4,0.8925034
76560,3,3,0.43183923
148536,4,5,0.68402004
81936,4,4,0.82798815
182800,3,4,0.5124452
359328,4,4,0.59528255
382831,3,4,0.871069
91112,2,3,0.36396554
170549,5,4,0.8305538
61849,4,4,0.68675387
23998,5,4,0.74206513
374200,4,4,0.76049376
107823,3,4,0.61766016
39444,3,1,0.39948612
168123,4,4,0.6140453
434183,3,3,0.4040766
87773,2,3,0.34791538
62311,4,3,0.65537995
78854,4,4,0.5417514
120757,3,4,0.59977555
102308,3,2,0.36322957
24834,3,4,0.5658428
174439,3,4,0.38197416
86420,4,4,0.588769
4544,3,2,0.582422
117415,3,4,0.6737546
156809,4,3,0.31220043
24126,4,4,0.76093805
117940,4,4,0.59501827
131350,3,4,0.59615356
320456,4,4,0.7802507
137934,4,4,0.55592775
41365,4,4,0.84495187
420324,4,4,0.821939
379468,3,4,0.8768139
55511,3,4,0.87839746
329649,3,3,0.3008245
20696,3,4,0.4395882
152448,3,4,0.62815756
31569,3,4,0.58098066
428299,5,4,0.546591
38943,4,4,0.7022586
58069,4,4,0.84593415
113169,4,3,0.41889903
373335,5,4,0.73397475
400586,4,4,0.63710964
202243,4,4,0.6598073
465902,5,4,0.8064887
50788,4,4,0.7855003
136047,5,4,0.69022995
213032,4,4,0.45981377
199254,3,4,0.5647718
55093,4,4,0.5435084
199255,4,4,0.6935378
326109,4,4,0.6162291
80613,5,4,0.5319029
252424,4,4,0.703669
245068,3,3,0.3879545
118741,4,4,0.62925136
247907,4,4,0.6007606
173605,4,4,0.9231988
146623,5,4,0.67273927
154410,4,4,0.78300196
331230,4,4,0.5861936
87683,3,3,0.2996223
8190,4,4,0.49381587
106460,4,4,0.7617817
22758,3,3,0.39811268
382855,4,4,0.84512097
76220,3,3,0.5003841
223672,4,3,0.4260868
490230,4,4,0.6316834
82700,4,3,0.562847
16799,4,3,0.48795566
424110,3,4,0.46857297
142762,4,5,0.54588854
252351,4,4,0.66650546
241574,4,4,0.6793247
146693,3,3,0.5367262
137897,3,4,0.61949605
78624,3,1,0.5260295
128840,4,4,0.5531466
395124,4,1,0.34133518
49084,4,4,0.7073199
59447,3,4,0.5316351
79148,4,4,0.8306679
16102,3,4,0.4234967
223495,3,4,0.48417452
18451,1,3,0.54859364
10549,3,3,0.45741177
168515,4,4,0.6370749
357464,5,4,0.69882894
91426,2,2,0.561445
182935,5,4,0.49092516
187791,3,3,0.46719387
40320,4,4,0.8142075
21245,3,4,0.5368034
266431,1,3,0.5908382
45993,3,4,0.4041071
89561,4,4,0.60244703
28862,4,4,0.8093903
19067,3,4,0.73826677
116893,3,4,0.73954403
48085,3,3,0.44352245
163007,4,4,0.6663476
14387,4,4,0.43282056
73099,4,4,0.583603
236579,4,4,0.6850427
50172,4,4,0.4962715
236598,5,4,0.588795
373558,4,4,0.74427754
33439,3,3,0.4300597
61516,4,3,0.38445035
144510,3,3,0.46592066
273710,4,4,0.5625526
124921,4,3,0.46622103
13235,4,4,0.5512144
142870,4,4,0.56917655
104212,4,4,0.69608843
356970,3,4,0.5873549
158592,3,3,0.48849806
8729,3,4,0.44395566
58578,3,4,0.5991306
78642,3,1,0.55425715
373717,3,2,0.439117
4288,4,4,0.73311543
184469,4,4,0.5377181
83438,4,4,0.4834407
344051,3,4,0.56836015
165997,4,4,0.65903497
4781,3,3,0.41803268
128841,4,4,0.5583152
189488,4,4,0.61754495
215682,4,4,0.6690017
90422,3,3,0.484698
69,4,4,0.4962339
14029,4,4,0.50130254
26546,4,4,0.72215617
17561,3,2,0.33981672
379099,4,4,0.7051883
42247,5,4,0.60631716
196071,4,4,0.844067
51258,4,4,0.85762554
21385,1,4,0.6037366
124829,3,4,0.3543012
30877,3,2,0.29948187
324485,3,4,0.60182065
343939,4,4,0.6299726
138937,4,4,0.64368904
63806,3,4,0.5323022
29654,3,1,0.32784182
19821,4,4,0.8080425
388056,4,4,0.81006306
138700,4,4,0.6939956
211528,4,4,0.73670995
60164,4,3,0.3777836
411179,4,4,0.84741366
65435,4,4,0.55130184
62001,3,4,0.53751254
191913,4,4,0.5259011
182874,3,3,0.5841595
419855,4,4,0.82081044
136957,5,4,0.8294827
368174,3,4,0.7241242
374836,4,4,0.8638229
236613,2,2,0.30761623
142880,5,4,0.59641296
259681,4,4,0.5757004
149928,2,3,0.45661718
357333,4,4,0.67437786
151981,4,4,0.77691364
19217,4,4,0.45740607
434603,4,3,0.46634412
93396,4,4,0.6295543
328287,4,4,0.49823073
255812,5,4,0.4797732
200210,4,4,0.49726298
154076,4,4,0.72086775
134780,3,3,0.37751648
27367,5,3,0.5739483
29214,4,4,0.88657886
40903,4,4,0.76579005
372683,5,4,0.6094783
26600,3,4,0.4261532
379260,4,4,0.9427147
80526,2,2,0.35729134
348886,3,3,0.5126422
116229,2,3,0.43732053
17556,2,4,0.52462524
16436,3,3,0.42735028
153871,3,4,0.7323935
166966,4,4,0.45588917
181896,3,4,0.7811553
374010,4,4,0.7966872
135639,4,4,0.71935755
3973,3,4,0.5599992
102407,5,4,0.7437967
13644,3,1,0.2966051
137892,4,3,0.5065803
89338,4,4,0.80953586
83996,5,4,0.68956727
92140,2,2,0.48296958
11051,3,2,0.43395254
3004,4,4,0.46962905
30203,2,2,0.5914864
77466,4,4,0.53145176
117663,4,4,0.65487385
31421,3,3,0.34555355
189743,4,4,0.64605826
28972,4,4,0.62587065
412542,3,4,0.45614502
36764,4,4,0.597229
17692,3,3,0.422212
429076,4,4,0.77132446
135835,4,4,0.6987489
72341,4,4,0.4137772
368347,4,4,0.8689779
5560,4,4,0.7266553
147692,2,2,0.38231787
406243,3,4,0.5766355
148538,5,5,0.8204646
70983,4,4,0.5942458
340564,3,4,0.4998909
200948,3,3,0.41293958
188629,2,4,0.42735407
50192,3,3,0.44574714
125579,1,3,0.3748941
58665,4,4,0.6979434
334468,4,4,0.7033458
125272,4,4,0.61043
238870,4,4,0.6940122
121764,4,3,0.54872465
156712,3,2,0.32864428
116876,3,3,0.50003475
78665,4,4,0.6369016
263531,4,4,0.80144596
31490,4,1,0.3730469
6376,4,3,0.43423316
103402,3,2,0.3942778
30040,3,4,0.74622864
5789,3,3,0.34810236
147810,3,4,0.8389895
78846,3,3,0.37556064
79400,4,4,0.4549626
242240,3,4,0.75916606
133100,4,4,0.6277713
173607,4,4,0.9313677
120675,4,3,0.4609558
18557,3,4,0.38656408
51414,3,3,0.5494238
142688,4,4,0.6190223
764,4,4,0.7284223
122509,2,4,0.35980394
188066,4,3,0.47283247
35074,4,3,0.3500926
361910,2,4,0.70682096
107209,4,4,0.69804484
29124,3,4,0.7276432
236626,4,4,0.51512605
325459,4,4,0.6275387
239870,4,4,0.67326
93889,4,4,0.51901937
352638,4,2,0.5766721
113579,2,4,0.5023709
89335,5,4,0.6899472
167087,2,2,0.4616749
72269,4,4,0.9107982
5105,4,4,0.70097214
74323,3,4,0.503666
371385,4,4,0.4714798
81923,4,4,0.5679454
141376,4,4,0.6167591
47140,4,4,0.68747514
1375,3,4,0.73432446
186340,4,3,0.5759097
82788,4,4,0.7461063
246356,3,4,0.45281103
151384,4,3,0.5852081
245523,4,3,0.5752722
102466,4,4,0.7320732
89669,2,2,0.6676251
173939,4,4,0.8161951
38318,4,4,0.45130107
17136,3,3,0.48714417
113266,2,2,0.41920674
70032,3,4,0.8583801
114102,3,1,0.45299938
108770,2,4,0.6018064
358320,4,4,0.68384385
203492,5,5,0.38504836
68408,4,4,0.62400657
119113,4,4,0.6251166
39318,4,4,0.59855765
157769,3,4,0.64593256
477228,3,4,0.44370627
40430,4,4,0.7210531
415428,4,4,0.6313599
124886,4,4,0.55256414
423344,4,4,0.83696496
360599,4,4,0.79837245
24969,4,4,0.5734514
146870,4,3,0.47338027
40462,4,4,0.56270516
417826,4,4,0.6601182
257094,3,4,0.65450805
148486,4,5,0.69113374
163419,4,4,0.74201375
402649,4,4,0.5296119
19761,4,3,0.35916895
60081,3,3,0.51879954
118707,4,4,0.5743017
119562,4,4,0.558616
373207,5,4,0.7066451
33477,4,4,0.5750252
146714,3,4,0.71436375
148530,5,5,0.7226143
209027,3,3,0.6348493
86952,5,4,0.7908873
254617,4,4,0.6961384
40068,3,4,0.4168765
31940,4,4,0.6074707
54435,3,4,0.6128482
351970,3,4,0.8186361
61915,4,3,0.50238985
56549,4,3,0.37570673
109126,4,4,0.8730936
89963,4,4,0.50815535
64544,4,4,0.5747986
26661,5,4,0.7470602
233803,2,4,0.5110068
144337,3,3,0.6456824
165746,4,4,0.5369265
391752,3,4,0.6194708
127625,4,4,0.92969364
11899,5,4,0.5713966
156738,3,3,0.36070544
325585,3,3,0.6260444
4854,4,4,0.79542065
354510,3,4,0.66880184
47847,4,4,0.77640766
387225,4,4,0.60718185
408419,3,4,0.7360317
68153,4,3,0.51411945
210684,4,4,0.8934418
106449,4,4,0.6879841
382798,5,5,0.6050568
2733,4,4,0.55323285
25522,3,2,0.42276692
10481,4,4,0.54079294
6229,3,3,0.3202346
117981,5,4,0.81449586
28591,4,4,0.4443354
24598,4,4,0.45083082
315934,3,4,0.46908492
107717,5,4,0.6248646
31251,4,4,0.48529002
56945,3,4,0.5123983
111091,3,4,0.4567612
27310,3,4,0.7204238
395832,2,3,0.52721786
189517,3,3,0.53619605
161250,2,3,0.4800079
92367,4,4,0.8516756
237675,3,4,0.4498509
165113,4,3,0.6100178
18663,4,4,0.47372207
328039,3,4,0.5614244
15148,2,3,0.38949183
6968,4,4,0.63843817
148946,3,3,0.5356011
146197,4,4,0.6586518
252374,4,4,0.6081588
141186,4,4,0.71568125
407459,3,4,0.85531074
13052,4,4,0.4831504
52789,3,2,0.37830415
387774,4,4,0.8719992
426204,3,4,0.74291587
357589,4,4,0.73219955
214866,4,4,0.5615322
390700,4,4,0.82890105
35836,4,4,0.70686984
329331,2,3,0.594833
105902,3,3,0.47106802
29447,5,4,0.923179
22967,4,3,0.57882476
58625,4,4,0.75794804
374532,5,4,0.816616
151385,4,3,0.49592295
410145,4,3,0.5863659
7542,3,3,0.45614803
63709,3,2,0.47136074
120444,4,4,0.56719667
6985,4,3,0.4002477
274000,3,4,0.61448526
69160,3,4,0.6080278
12986,4,4,0.5983244
36859,3,4,0.8328195
45604,3,4,0.56769615
163012,3,4,0.7058859
420629,4,4,0.43071654
338258,5,4,0.7146368
149807,4,4,0.742371
517,3,4,0.5420071
10739,3,4,0.45541584
389987,4,4,0.6917448
114120,1,1,0.53856325
327914,3,4,0.7325324
74514,4,4,0.5531204
1135,2,4,0.67273074
124686,3,3,0.5416543
302530,4,4,0.42738467
146212,4,4,0.49041596
11627,5,4,0.43313757
332302,3,3,0.43461147
75452,2,4,0.3774463
64466,3,4,0.47392565
28983,3,4,0.75227356
357476,4,4,0.7151348
71054,4,3,0.49222443
27503,3,1,0.6631775
257430,4,4,0.5327715
92138,4,2,0.5414339
154033,5,4,0.82643914
419042,3,4,0.7630608
261193,4,4,0.798358
82808,4,3,0.39605144
142799,4,5,0.53343034
278896,4,3,0.4697615
2636,4,4,0.47729617
247314,4,4,0.6453996
140212,4,4,0.6965825
93300,2,3,0.42848402
113272,2,2,0.44829747
415423,4,4,0.64415276
360851,5,4,0.6166202
19161,4,4,0.5417893
24507,3,4,0.5909474
33563,4,4,0.700622
176087,4,4,0.4720023
202009,3,4,0.7821454
142530,5,5,0.548915
33970,3,4,0.563193
389518,3,4,0.6848515
267451,1,3,0.49063182
5663,4,3,0.48912266
64551,3,4,0.5885891
156510,3,3,0.65906495
54486,3,3,0.5824639
167194,4,4,0.7696703
192149,4,4,0.7959242
40882,5,4,0.72738874
59586,3,3,0.62476784
416380,4,2,0.36131847
236457,4,4,0.6972409
95387,4,4,0.6642011
142703,4,4,0.6398264
355922,4,4,0.7704866
77296,5,4,0.5440844
104389,2,4,0.55971926
84563,4,4,0.6232736
148561,5,5,0.7422564
429422,4,4,0.6112704
7203,4,4,0.74193114
33542,2,3,0.30325735
93850,4,4,0.53975576
372939,4,4,0.80228007
168028,4,3,0.6127733
102027,4,4,0.6463196
491747,4,4,0.6054484
70320,4,3,0.36756146
102378,4,4,0.60592777
58265,4,4,0.72134846
238581,3,3,0.44873264
84441,4,4,0.5265719
135703,3,4,0.52656275
200960,4,4,0.44300547
7985,3,1,0.49125755
50413,4,4,0.85058093
10504,4,4,0.48300233
116921,4,4,0.70548683
104733,3,4,0.7920165
386249,4,4,0.6783075
39169,4,5,0.69275975
74882,3,3,0.5264713
333756,3,3,0.5249494
247217,3,4,0.61806726
1412,2,4,0.46766865
45464,4,4,0.38933492
64126,4,4,0.50127333
352681,4,4,0.607493
165288,3,4,0.5933744
3867,3,3,0.6011491
166325,3,4,0.62244344
57814,2,4,0.48774442
105026,4,4,0.35353053
26514,4,4,0.5666693
126007,3,3,0.557712
90278,4,4,0.44500417
101459,3,4,0.6249453
76429,4,4,0.51823854
270726,4,4,0.7343046
125717,4,3,0.6077331
8241,3,3,0.49989942
375548,5,4,0.8144536
32868,4,4,0.7297112
28616,4,4,0.42892197
37175,4,4,0.5805502
404407,4,4,0.92969686
410237,4,4,0.48236555
47372,4,4,0.8138004
189973,3,3,0.4438585
171119,4,4,0.6632309
29493,4,4,0.8774008
386279,4,4,0.5750248
41360,3,4,0.47019315
59039,4,3,0.40752137
37178,4,4,0.6547312
58656,4,4,0.66131246
3802,4,4,0.41287604
76449,4,4,0.7595233
127644,5,4,0.4268449
214369,3,4,0.46668434
215937,3,3,0.4463185
490712,4,4,0.86112535
239586,4,4,0.5977289
4281,3,4,0.8260627
396464,3,4,0.7964278
350360,4,4,0.84354126
386106,3,4,0.49571523
433960,5,4,0.856065
109742,3,4,0.4518137
46729,4,4,0.7703288
53683,3,4,0.6473814
23567,4,4,0.7563556
46722,4,4,0.723216
120455,3,4,0.391618
247913,4,4,0.62659454
31647,2,3,0.34980205
364707,4,4,0.8440133
339935,5,4,0.27780166
82322,4,3,0.6352078
184237,4,4,0.83934367
183597,4,1,0.3624491
406664,4,4,0.7115151
72577,4,4,0.73771536
76892,4,3,0.48892942
153283,2,3,0.4798074
31826,4,4,0.7289264
67954,3,2,0.3876834
146671,5,4,0.54001665
68705,4,4,0.5531355
233826,3,4,0.5041594
61707,4,4,0.701194
156363,4,3,0.46032998
372707,5,4,0.557151
34134,4,4,0.42340794
173601,4,4,0.9486002
252712,4,4,0.5512605
61985,4,3,0.6855612
405662,4,4,0.72731626
38590,2,4,0.3088255
127276,4,3,0.37629676
113090,4,3,0.44764444
57995,4,4,0.29398888
72555,4,4,0.7282842
348385,4,4,0.71031433
323459,4,4,0.62438256
153632,5,4,0.63913774
145215,4,4,0.46264806
15225,4,4,0.6120795
5754,3,2,0.40958017
84022,5,4,0.7213705
130872,3,4,0.8500528
147523,3,4,0.6730678
366177,4,4,0.5285633
25769,3,4,0.45990887
103352,3,4,0.48435366
216001,3,2,0.4402178
40467,4,4,0.6469733
365241,3,3,0.62484354
118636,3,3,0.49275512
156196,3,2,0.41468996
160743,4,3,0.46045396
105360,3,4,0.54021984
90277,3,4,0.49310747
248423,4,4,0.6854594
359718,4,4,0.61539155
387698,4,4,0.7463046
86642,2,4,0.5403566
131022,4,4,0.69642216
127612,4,4,0.75185204
356680,5,4,0.60842335
393911,4,4,0.77562976
83815,5,4,0.5088708
352186,4,4,0.5877715
165048,4,4,0.4212562
34328,4,4,0.49111262
366632,4,4,0.7962081
327762,3,3,0.3613704
60782,4,4,0.8098476
413684,5,4,0.84943956
56030,4,4,0.7329081
105659,4,3,0.3928121
365799,4,4,0.8757142
56294,4,4,0.89094377
491273,4,4,0.67571485
355186,4,4,0.62828624
31796,3,4,0.56633526
41664,4,4,0.66783404
101315,3,2,0.59970933
10834,3,2,0.670829
56171,3,4,0.6394441
41980,3,3,0.3924705
70025,4,4,0.63046175
105597,4,4,0.47447726
153659,4,4,0.77604103
361045,4,3,0.4225451
361551,3,4,0.48742458
247129,4,4,0.66809756
86427,5,4,0.61317277
171317,4,4,0.4450768
268215,4,4,0.49969184
34796,3,4,0.6035331
161924,4,4,0.43018958
354453,4,4,0.6316095
363684,5,3,0.3669742
169802,4,4,0.83466244
140519,5,4,0.72718483
53484,3,4,0.49332264
135185,4,4,0.6601483
38886,1,4,0.6197979
196168,4,4,0.71700263
351168,4,4,0.7646898
169810,4,4,0.5230715
423853,4,4,0.84229255
55962,4,4,0.7124905
18562,4,4,0.42473787
39325,4,4,0.82412267
87071,4,4,0.7384629
334541,3,5,0.5497206
28577,4,4,0.4774646
170584,4,4,0.5798211
268870,4,3,0.31450078
354035,4,4,0.6833989
232624,3,4,0.64493006
16435,3,2,0.3555943
104231,4,4,0.6343883
50069,2,2,0.5864146
474941,4,4,0.81299853
328049,4,4,0.740587
418513,4,4,0.8030305
13479,4,4,0.3922857
3896,3,3,0.6057793
50810,4,4,0.51844543
162417,3,4,0.58938813
477087,4,4,0.6498931
36232,3,3,0.36186886
186660,5,3,0.5221091
53292,4,4,0.6845689
96956,4,4,0.72983915
52404,3,3,0.40824753
176245,3,4,0.4829417
31738,4,4,0.6671577
46153,5,4,0.8369527
67750,4,4,0.7709789
367078,4,4,0.63342434
92405,4,4,0.7662122
366246,3,4,0.40817454
247511,4,4,0.6245177
32151,4,3,0.44554216
180089,3,3,0.46360788
72578,4,4,0.73936945
113288,3,2,0.4293512
336586,4,4,0.94533855
59457,4,4,0.6610393
274153,4,4,0.6783716
256886,4,4,0.4138587
92371,3,4,0.82040787
382534,5,5,0.5039586
354220,4,4,0.68298155
111073,1,4,0.56018925
177859,3,4,0.731856
137121,2,4,0.5157956
272192,3,4,0.5358183
337236,4,4,0.8651283
223280,3,4,0.60152185
79145,4,4,0.56085557
61736,3,4,0.53473425
43673,3,4,0.7967587
121472,4,4,0.6373695
62263,4,4,0.7297236
432875,4,3,0.52908576
56135,4,3,0.45623308
131016,4,4,0.7848304
81382,4,4,0.58880293
27062,2,4,0.56784856
179506,3,4,0.7721222
128712,2,4,0.594641
148441,4,5,0.5841527
276317,4,4,0.9256644
39519,5,4,0.7817171
124396,4,3,0.46561784
165142,5,4,0.7459462
155925,4,3,0.31190398
57509,4,4,0.65181285
128740,3,3,0.45093822
116750,3,3,0.4548229
89286,3,4,0.52740943
115221,4,4,0.82000554
427615,4,4,0.78433824
57490,4,4,0.6495039
137540,4,4,0.71246135
193784,5,4,0.6910096
61763,4,4,0.63031304
27641,3,4,0.55135936
146942,4,4,0.8032329
231972,3,4,0.47151563
61249,3,4,0.4041593
99966,3,4,0.5841705
144331,5,3,0.5001385
174368,4,4,0.7826471
39651,4,4,0.6030963
390313,2,3,0.5228528
96077,3,4,0.6314786
275580,4,4,0.7435739
356449,4,4,0.50322026
13072,3,4,0.50659347
247944,4,4,0.5998111
79388,4,4,0.8842146
26926,4,4,0.8215848
88935,3,4,0.8371214
165492,3,4,0.54699624
207523,4,4,0.8432963
86384,4,4,0.6858574
78840,4,4,0.6195446
102092,4,4,0.71808666
240779,4,4,0.6438165
362739,2,4,0.4626371
353207,3,3,0.493342
91907,4,4,0.5059504
45950,4,4,0.71852815
236537,5,4,0.85692734
89862,4,4,0.710977
403574,4,4,0.83998615
183156,4,4,0.3080968
77684,4,4,0.8157174
388840,5,4,0.8762319
98150,4,4,0.5081614
32201,4,4,0.4226912
119676,4,4,0.6612753
171473,4,4,0.77191424
374184,3,4,0.815649
220582,4,4,0.5248517
257609,4,3,0.4056836
39188,5,5,0.65130085
336994,4,4,0.6450442
185999,3,4,0.57313347
271557,3,3,0.6436804
239760,3,4,0.68481433
260471,2,4,0.7110463
199173,4,4,0.6789744
357872,4,4,0.78657645
45917,4,4,0.40378144
413462,4,4,0.8104882
320166,4,4,0.86837494
277553,4,4,0.8937752
124720,4,4,0.7103752
6023,4,4,0.64302987
178022,4,4,0.49795845
275367,4,4,0.48458034
145488,4,3,0.6422571
275422,4,4,0.7485507
163059,3,3,0.44444337
23098,4,3,0.4672995
404368,4,4,0.61967707
458030,4,4,0.83656466
65995,3,3,0.3977186
247513,5,4,0.6195686
40049,3,4,0.40260166
234996,4,4,0.8012435
196092,2,4,0.7778054
84391,4,4,0.484705
250853,1,4,0.5816803
189695,4,3,0.6377127
367313,2,3,0.371403
196645,4,4,0.6928063
137582,4,4,0.6988044
241571,4,4,0.54439855
179905,3,2,0.48240265
213453,3,4,0.68380946
204179,4,4,0.42126784
2528,4,4,0.836447
4053,5,4,0.55506825
197450,4,2,0.3970146
30199,2,3,0.35628736
102705,2,3,0.41993925
63682,4,4,0.5736244
240934,4,1,0.4539703
465759,4,3,0.36374104
386380,4,4,0.51158476
59450,5,4,0.63822895
13906,2,4,0.64859366
315940,4,4,0.48855838
332000,4,4,0.91358644
139097,3,3,0.34887144
39197,4,5,0.6625968
107422,4,4,0.6529506
61730,4,4,0.792542
25227,3,3,0.44873813
146432,2,3,0.43617693
373680,3,3,0.3879479
333753,2,3,0.4963637
56154,3,2,0.7349328
146625,4,5,0.5397977
344899,3,1,0.39278644
86094,4,3,0.48723602
6960,3,4,0.64253354
432113,4,4,0.692619
338426,3,4,0.6360559
104736,4,4,0.75854623
116428,4,3,0.6283686
423473,4,4,0.41426697
21890,4,4,0.6862946
39992,2,3,0.4074868
134846,3,3,0.5276969
388252,4,4,0.79825485
348082,3,4,0.91147107
54773,3,4,0.4805241
25607,4,4,0.5196135
151349,4,4,0.85275656
146487,5,4,0.5428427
155233,3,3,0.38947958
347918,4,4,0.4953645
